#Release 9.1.02i_PR10 - par JTRS.J32
#Copyright (c) 1995-2007 Xilinx, Inc.  All rights reserved.

#Thu Jun 25 20:07:55 2009

#
## NOTE: This file is designed to be imported into a spreadsheet program
# such as Microsoft Excel for viewing, printing and sorting. The |
# character is used as the data field separator. This file is also designed
# to support parsing.
#
#INPUT FILE:       dlx_toplevel_map.ncd
#OUTPUT FILE:      dlx_toplevel_pad.csv
#PART TYPE:        xc2v6000
#SPEED GRADE:      -5
#PACKAGE:          ff1152
#
# Pinout by Pin Number:
# 
# -----,-----,-----,-----,-----,-----,-----,-----,-----,-----,-----,-----,-----,-----,-----,-----,
Pin Number,Signal Name,Pin Usage,Pin Name,Direction,IO Standard,IO Bank Number,Drive (mA),Slew Rate,Termination,IOB Delay,Voltage,Constraint,DCI Value,IO Register,Signal Integrity,
A2,,,GND,,,,,,,,,,,,,
A3,,,GND,,,,,,,,,,,,,
A4,MictorObenLinks_oddPOD<6>,IOB,IO_L22N_1,OUTPUT,LVTTL,1,12,SLOW,NONE**,,,LOCATED,,NO,NONE,
A5,MictorObenLinks_oddPOD<10>,IOB,IO_L22P_1,OUTPUT,LVTTL,1,12,SLOW,NONE**,,,LOCATED,,NO,NONE,
A6,MictorObenLinks_oddPOD<14>,IOB,IO_L49N_1,OUTPUT,LVTTL,1,12,SLOW,NONE**,,,LOCATED,,NO,NONE,
A7,,DIFFM,IO_L49P_1,UNUSED,,1,,,,,,,,,,
A8,,,GND,,,,,,,,,,,,,
A9,MictorObenLinks_evenPOD<10>,IOB,IO_L51P_1,OUTPUT,LVTTL,1,12,SLOW,NONE**,,,LOCATED,,NO,NONE,
A10,,,VCCO_1,,,1,,,,,3.30,,,,,
A11,,DIFFS,IO_L73N_1,UNUSED,,1,,,,,,,,,,
A12,MictorOben_oddPOD<7>,IOB,IO_L73P_1,OUTPUT,LVTTL,1,12,SLOW,NONE**,,,LOCATED,,NO,NONE,
A13,,DIFFS,IO_L79N_1,UNUSED,,1,,,,,,,,,,
A14,,DIFFM,IO_L79P_1,UNUSED,,1,,,,,,,,,,
A15,,DIFFS,IO_L81N_1/VREF_1,UNUSED,,1,,,,,,,,,,
A16,,,VCCO_1,,,1,,,,,3.30,,,,,
A17,,DIFFM,IO_L82P_1,UNUSED,,1,,,,,,,,,,
A18,,DIFFS,IO_L82N_0,UNUSED,,0,,,,,,,,,,
A19,,,VCCO_0,,,0,,,,,3.30,,,,,
A20,,DIFFM,IO_L81P_0/VREF_0,UNUSED,,0,,,,,,,,,,
A21,,DIFFS,IO_L79N_0,UNUSED,,0,,,,,,,,,,
A22,,DIFFM,IO_L79P_0,UNUSED,,0,,,,,,,,,,
A23,MictorOben_evenPOD<7>,IOB,IO_L70N_0,OUTPUT,LVTTL,0,12,SLOW,NONE**,,,LOCATED,,NO,NONE,
A24,,DIFFM,IO_L70P_0,UNUSED,,0,,,,,,,,,,
A25,,,VCCO_0,,,0,,,,,3.30,,,,,
A26,,DIFFS,IO_L52N_0,UNUSED,,0,,,,,,,,,,
A27,,,GND,,,,,,,,,,,,,
A28,,DIFFS,IO_L51N_0,UNUSED,,0,,,,,,,,,,
A29,,DIFFM,IO_L51P_0/VREF_0,UNUSED,,0,,,,,,,,,,
A30,,DIFFS,IO_L25N_0,UNUSED,,0,,,,,,,,,,
A31,,DIFFM,IO_L25P_0,UNUSED,,0,,,,,,,,,,
A32,,,GND,,,,,,,,,,,,,
A33,,,GND,,,,,,,,,,,,,
AA1,,DIFFS,IO_L74N_3,UNUSED,,3,,,,,,,,,,
AA2,,DIFFS,IO_L71N_3,UNUSED,,3,,,,,,,,,,
AA3,,DIFFS,IO_L79N_3,UNUSED,,3,,,,,,,,,,
AA4,,DIFFS,IO_L77N_3,UNUSED,,3,,,,,,,,,,
AA5,,DIFFS,IO_L73N_3,UNUSED,,3,,,,,,,,,,
AA6,,DIFFM,IO_L78P_3,UNUSED,,3,,,,,,,,,,
AA7,,,GND,,,,,,,,,,,,,
AA8,,DIFFM,IO_L76P_3,UNUSED,,3,,,,,,,,,,
AA9,,DIFFS,IO_L72N_3,UNUSED,,3,,,,,,,,,,
AA10,,DIFFM,IO_L75P_3,UNUSED,,3,,,,,,,,,,
AA11,,,VCCO_3,,,3,,,,,3.30,,,,,
AA12,,,VCCO_3,,,3,,,,,3.30,,,,,
AA13,,,VCCINT,,,,,,,,1.5,,,,,
AA14,,,GND,,,,,,,,,,,,,
AA15,,,GND,,,,,,,,,,,,,
AA16,,,GND,,,,,,,,,,,,,
AA17,,,GND,,,,,,,,,,,,,
AA18,,,GND,,,,,,,,,,,,,
AA19,,,GND,,,,,,,,,,,,,
AA20,,,GND,,,,,,,,,,,,,
AA21,,,GND,,,,,,,,,,,,,
AA22,,,VCCINT,,,,,,,,1.5,,,,,
AA23,,,VCCO_6,,,6,,,,,3.30,,,,,
AA24,,,VCCO_6,,,6,,,,,3.30,,,,,
AA25,,DIFFM,IO_L67P_6,UNUSED,,6,,,,,,,,,,
AA26,,DIFFM,IO_L70P_6,UNUSED,,6,,,,,,,,,,
AA27,,DIFFS,IO_L54N_6,UNUSED,,6,,,,,,,,,,
AA28,,,GND,,,,,,,,,,,,,
AA29,,DIFFS,IO_L74N_6,UNUSED,,6,,,,,,,,,,
AA30,,DIFFM,IO_L78P_6,UNUSED,,6,,,,,,,,,,
AA31,dip<2>,IOB,IO_L75N_6/VREF_6,INPUT,LVCMOS33,6,,,PULLDOWN,NONE,,LOCATED,,NO,NONE,
AA32,,DIFFS,IO_L83N_6,UNUSED,,6,,,,,,,,,,
AA33,dip<17>,IOB,IO_L77N_6,INPUT,LVCMOS33,6,,,PULLDOWN,NONE,,LOCATED,,NO,NONE,
AA34,,DIFFS,IO_L80N_6,UNUSED,,6,,,,,,,,,,
AB1,BLE_a1,IOB,IO_L74P_3,OUTPUT,LVCMOS33,3,12,FAST,NONE**,,,LOCATED,,NO,NONE,
AB2,DP1<9>,IOB,IO_L71P_3,BIDIR,LVCMOS33,3,12,FAST,NONE**,IFD,,LOCATED,,YES,NONE,
AB3,,DIFFM,IO_L79P_3,UNUSED,,3,,,,,,,,,,
AB4,DP1<10>,IOB,IO_L77P_3,BIDIR,LVCMOS33,3,12,FAST,NONE**,IFD,,LOCATED,,YES,NONE,
AB5,DP1<11>,IOB,IO_L73P_3,BIDIR,LVCMOS33,3,12,FAST,NONE**,IFD,,LOCATED,,YES,NONE,
AB6,Ad<12>,IOB,IO_L70N_3,OUTPUT,LVCMOS33,3,12,FAST,NONE**,,,LOCATED,,YES,NONE,
AB7,,DIFFS,IO_L54N_3,UNUSED,,3,,,,,,,,,,
AB8,,DIFFM,IO_L52P_3,UNUSED,,3,,,,,,,,,,
AB9,,DIFFS,IO_L48N_3,UNUSED,,3,,,,,,,,,,
AB10,,DIFFS,IO_L51N_3/VREF_3,UNUSED,,3,,,,,,,,,,
AB11,,,VCCO_3,,,3,,,,,3.30,,,,,
AB12,,,VCCO_3,,,3,,,,,3.30,,,,,
AB13,,,VCCINT,,,,,,,,1.5,,,,,
AB14,,,VCCINT,,,,,,,,1.5,,,,,
AB15,,,VCCINT,,,,,,,,1.5,,,,,
AB16,,,VCCINT,,,,,,,,1.5,,,,,
AB17,,,VCCINT,,,,,,,,1.5,,,,,
AB18,,,VCCINT,,,,,,,,1.5,,,,,
AB19,,,VCCINT,,,,,,,,1.5,,,,,
AB20,,,VCCINT,,,,,,,,1.5,,,,,
AB21,,,VCCINT,,,,,,,,1.5,,,,,
AB22,,,VCCINT,,,,,,,,1.5,,,,,
AB23,,,VCCO_6,,,6,,,,,3.30,,,,,
AB24,,,VCCO_6,,,6,,,,,3.30,,,,,
AB25,,DIFFS,IO_L43N_6,UNUSED,,6,,,,,,,,,,
AB26,,DIFFS,IO_L49N_6,UNUSED,,6,,,,,,,,,,
AB27,,DIFFM,IO_L54P_6,UNUSED,,6,,,,,,,,,,
AB28,,DIFFS,IO_L52N_6,UNUSED,,6,,,,,,,,,,
AB29,,DIFFM,IO_L74P_6,UNUSED,,6,,,,,,,,,,
AB30,,DIFFS,IO_L78N_6,UNUSED,,6,,,,,,,,,,
AB31,dip<3>,IOB,IO_L75P_6,INPUT,LVCMOS33,6,,,PULLDOWN,NONE,,LOCATED,,NO,NONE,
AB32,dip<10>,IOB,IO_L69N_6/VREF_6,INPUT,LVCMOS33,6,,,PULLDOWN,NONE,,LOCATED,,NO,NONE,
AB33,dip<18>,IOB,IO_L77P_6,INPUT,LVCMOS33,6,,,PULLDOWN,NONE,,LOCATED,,NO,NONE,
AB34,,DIFFM,IO_L80P_6,UNUSED,,6,,,,,,,,,,
AC1,Ad<10>,IOB,IO_L69P_3,OUTPUT,LVCMOS33,3,12,FAST,NONE**,,,LOCATED,,YES,NONE,
AC2,Ad<14>,IOB,IO_L53N_3,OUTPUT,LVCMOS33,3,12,FAST,NONE**,,,LOCATED,,YES,NONE,
AC3,DP1<6>,IOB,IO_L68N_3,BIDIR,LVCMOS33,3,12,FAST,NONE**,IFD,,LOCATED,,YES,NONE,
AC4,Ad<13>,IOB,IO_L67N_3,OUTPUT,LVCMOS33,3,12,FAST,NONE**,,,LOCATED,,YES,NONE,
AC5,,,GND,,,,,,,,,,,,,
AC6,DP1<5>,IOB,IO_L70P_3,BIDIR,LVCMOS33,3,12,FAST,NONE**,IFD,,LOCATED,,YES,NONE,
AC7,Ad<11>,IOB,IO_L54P_3,OUTPUT,LVCMOS33,3,12,FAST,NONE**,,,LOCATED,,YES,NONE,
AC8,DP1<4>,IOB,IO_L52N_3,BIDIR,LVCMOS33,3,12,FAST,NONE**,IFD,,LOCATED,,YES,NONE,
AC9,DP1<7>,IOB,IO_L48P_3,BIDIR,LVCMOS33,3,12,FAST,NONE**,IFD,,LOCATED,,YES,NONE,
AC10,,DIFFM,IO_L51P_3,UNUSED,,3,,,,,,,,,,
AC11,,,VCCO_3,,,3,,,,,3.30,,,,,
AC12,,,VCCINT,,,,,,,,1.5,,,,,
AC13,,,VCCO_4,,,4,,,,,3.30,,,,,
AC14,,,VCCO_4,,,4,,,,,3.30,,,,,
AC15,,,VCCO_4,,,4,,,,,3.30,,,,,
AC16,,,VCCO_4,,,4,,,,,3.30,,,,,
AC17,,,VCCO_4,,,4,,,,,3.30,,,,,
AC18,,,VCCO_5,,,5,,,,,3.30,,,,,
AC19,,,VCCO_5,,,5,,,,,3.30,,,,,
AC20,,,VCCO_5,,,5,,,,,3.30,,,,,
AC21,,,VCCO_5,,,5,,,,,3.30,,,,,
AC22,,,VCCO_5,,,5,,,,,3.30,,,,,
AC23,,,VCCINT,,,,,,,,1.5,,,,,
AC24,,,VCCO_6,,,6,,,,,3.30,,,,,
AC25,,DIFFM,IO_L43P_6,UNUSED,,6,,,,,,,,,,
AC26,,DIFFM,IO_L49P_6,UNUSED,,6,,,,,,,,,,
AC27,,DIFFS,IO_L46N_6,UNUSED,,6,,,,,,,,,,
AC28,,DIFFM,IO_L52P_6,UNUSED,,6,,,,,,,,,,
AC29,,DIFFS,IO_L50N_6,UNUSED,,6,,,,,,,,,,
AC30,,,GND,,,,,,,,,,,,,
AC31,dip<4>,IOB,IO_L72P_6,INPUT,LVCMOS33,6,,,PULLDOWN,NONE,,LOCATED,,NO,NONE,
AC32,dip<11>,IOB,IO_L69P_6,INPUT,LVCMOS33,6,,,PULLDOWN,NONE,,LOCATED,,NO,NONE,
AC33,dip<19>,IOB,IO_L68N_6,INPUT,LVCMOS33,6,,,PULLDOWN,NONE,,LOCATED,,NO,NONE,
AC34,dip<25>,IOB,IO_L71N_6,INPUT,LVCMOS33,6,,,PULLDOWN,NONE,,LOCATED,,NO,NONE,
AD1,OE_a1,IOB,IO_L69N_3/VREF_3,OUTPUT,LVCMOS33,3,12,FAST,NONE**,,,LOCATED,,NO,NONE,
AD2,Ad<6>,IOB,IO_L53P_3,OUTPUT,LVCMOS33,3,12,FAST,NONE**,,,LOCATED,,YES,NONE,
AD3,Ad<4>,IOB,IO_L68P_3,OUTPUT,LVCMOS33,3,12,FAST,NONE**,,,LOCATED,,YES,NONE,
AD4,Ad<7>,IOB,IO_L67P_3,OUTPUT,LVCMOS33,3,12,FAST,NONE**,,,LOCATED,,YES,NONE,
AD5,DP1<15>,IOB,IO_L50N_3,BIDIR,LVCMOS33,3,12,FAST,NONE**,IFD,,LOCATED,,YES,NONE,
AD6,Ad<8>,IOB,IO_L46N_3,OUTPUT,LVCMOS33,3,12,FAST,NONE**,,,LOCATED,,YES,NONE,
AD7,DP1<8>,IOB,IO_L30N_3,BIDIR,LVCMOS33,3,12,FAST,NONE**,IFD,,LOCATED,,YES,NONE,
AD8,Ad<2>,IOB,IO_L28P_3,OUTPUT,LVCMOS33,3,12,FAST,NONE**,,,LOCATED,,YES,NONE,
AD9,Ad<9>,IOB,IO_L45N_3/VREF_3,OUTPUT,LVCMOS33,3,12,FAST,NONE**,,,LOCATED,,YES,NONE,
AD10,,DIFFM,IO_L06P_3,UNUSED,,3,,,,,,,,,,
AD11,,,VCCINT,,,,,,,,1.5,,,,,
AD12,,,VCCO_4,,,4,,,,,3.30,,,,,
AD13,,,VCCO_4,,,4,,,,,3.30,,,,,
AD14,,,VCCO_4,,,4,,,,,3.30,,,,,
AD15,,,VCCO_4,,,4,,,,,3.30,,,,,
AD16,,DIFFS,IO_L77N_4,UNUSED,,4,,,,,,,,,,
AD17,,DIFFM,IO_L77P_4,UNUSED,,4,,,,,,,,,,
AD18,,DIFFS,IO_L77N_5,UNUSED,,5,,,,,,,,,,
AD19,,DIFFM,IO_L77P_5,UNUSED,,5,,,,,,,,,,
AD20,,,VCCO_5,,,5,,,,,3.30,,,,,
AD21,,,VCCO_5,,,5,,,,,3.30,,,,,
AD22,,,VCCO_5,,,5,,,,,3.30,,,,,
AD23,,,VCCO_5,,,5,,,,,3.30,,,,,
AD24,,,VCCINT,,,,,,,,1.5,,,,,
AD25,,DIFFS,IO_L01N_6,UNUSED,,6,,,,,,,,,,
AD26,,DIFFS,IO_L28N_6,UNUSED,,6,,,,,,,,,,
AD27,,DIFFM,IO_L46P_6,UNUSED,,6,,,,,,,,,,
AD28,,DIFFS,IO_L27N_6/VREF_6,UNUSED,,6,,,,,,,,,,
AD29,,DIFFM,IO_L50P_6,UNUSED,,6,,,,,,,,,,
AD30,,DIFFS,IO_L48N_6,UNUSED,,6,,,,,,,,,,
AD31,dip<5>,IOB,IO_L72N_6,INPUT,LVCMOS33,6,,,PULLDOWN,NONE,,LOCATED,,NO,NONE,
AD32,dip<12>,IOB,IO_L45N_6/VREF_6,INPUT,LVCMOS33,6,,,PULLDOWN,NONE,,LOCATED,,NO,NONE,
AD33,dip<20>,IOB,IO_L68P_6,INPUT,LVCMOS33,6,,,PULLDOWN,NONE,,LOCATED,,NO,NONE,
AD34,dip<26>,IOB,IO_L71P_6,INPUT,LVCMOS33,6,,,PULLDOWN,NONE,,LOCATED,,NO,NONE,
AE1,,,VCCO_3,,,3,,,,,3.30,,,,,
AE2,Ad<0>,IOB,IO_L47N_3,OUTPUT,LVCMOS33,3,12,FAST,NONE**,,,LOCATED,,YES,NONE,
AE3,,,GND,,,,,,,,,,,,,
AE4,DP1<2>,IOB,IO_L49N_3,BIDIR,LVCMOS33,3,12,FAST,NONE**,IFD,,LOCATED,,YES,NONE,
AE5,Ad<1>,IOB,IO_L50P_3,OUTPUT,LVCMOS33,3,12,FAST,NONE**,,,LOCATED,,YES,NONE,
AE6,DP1<1>,IOB,IO_L46P_3,BIDIR,LVCMOS33,3,12,FAST,NONE**,IFD,,LOCATED,,YES,NONE,
AE7,Ad<3>,IOB,IO_L30P_3,OUTPUT,LVCMOS33,3,12,FAST,NONE**,,,LOCATED,,YES,NONE,
AE8,WE_a1,IOB,IO_L28N_3,OUTPUT,LVCMOS33,3,12,FAST,NONE**,,,LOCATED,,NO,NONE,
AE9,Ad<5>,IOB,IO_L45P_3,OUTPUT,LVCMOS33,3,12,FAST,NONE**,,,LOCATED,,YES,NONE,
AE10,,DIFFS,IO_L06N_3,UNUSED,,3,,,,,,,,,,
AE11,MictorUnten_oddPOD<1>,IOB,IO_L03N_3/VREF_3,OUTPUT,LVTTL,3,12,SLOW,NONE**,,,LOCATED,,NO,NONE,
AE12,,DIFFS,IO_L23N_4,UNUSED,,4,,,,,,,,,,
AE13,,DIFFM,IO_L23P_4,UNUSED,,4,,,,,,,,,,
AE14,,DIFFS,IO_L68N_4,UNUSED,,4,,,,,,,,,,
AE15,,DIFFM,IO_L68P_4,UNUSED,,4,,,,,,,,,,
AE16,,DIFFS,IO_L80N_4,UNUSED,,4,,,,,,,,,,
AE17,,DIFFM,IO_L80P_4,UNUSED,,4,,,,,,,,,,
AE18,,DIFFS,IO_L80N_5,UNUSED,,5,,,,,,,,,,
AE19,,DIFFM,IO_L80P_5,UNUSED,,5,,,,,,,,,,
AE20,,DIFFS,IO_L53N_5,UNUSED,,5,,,,,,,,,,
AE21,,DIFFM,IO_L53P_5,UNUSED,,5,,,,,,,,,,
AE22,,DIFFS,IO_L05N_5/VRP_5,UNUSED,,5,,,,,,,,,,
AE23,,DIFFM,IO_L05P_5/VRN_5,UNUSED,,5,,,,,,,,,,
AE24,,DIFFM,IO_L01P_6,UNUSED,,6,,,,,,,,,,
AE25,,DIFFS,IO_L04N_6,UNUSED,,6,,,,,,,,,,
AE26,,DIFFM,IO_L28P_6,UNUSED,,6,,,,,,,,,,
AE27,,DIFFS,IO_L25N_6,UNUSED,,6,,,,,,,,,,
AE28,,DIFFM,IO_L27P_6,UNUSED,,6,,,,,,,,,,
AE29,,DIFFS,IO_L24N_6,UNUSED,,6,,,,,,,,,,
AE30,,DIFFM,IO_L48P_6,UNUSED,,6,,,,,,,,,,
AE31,dip<6>,IOB,IO_L45P_6,INPUT,LVCMOS33,6,,,PULLDOWN,NONE,,LOCATED,,NO,NONE,
AE32,,,GND,,,,,,,,,,,,,
AE33,dip<21>,IOB,IO_L53N_6,INPUT,LVCMOS33,6,,,PULLDOWN,NONE,,LOCATED,,NO,NONE,
AE34,,,VCCO_6,,,6,,,,,3.30,,,,,
AF1,DP1<3>,IOB,IO_L47P_3,BIDIR,LVCMOS33,3,12,FAST,NONE**,IFD,,LOCATED,,YES,NONE,
AF2,Ad<16>,IOB,IO_L44N_3,OUTPUT,LVCMOS33,3,12,FAST,NONE**,,,LOCATED,,YES,NONE,
AF3,DP1<14>,IOB,IO_L43N_3,BIDIR,LVCMOS33,3,12,FAST,NONE**,IFD,,LOCATED,,YES,NONE,
AF4,Ad<15>,IOB,IO_L49P_3,OUTPUT,LVCMOS33,3,12,FAST,NONE**,,,LOCATED,,YES,NONE,
AF5,Ad<19>,IOB,IO_L29N_3,OUTPUT,LVCMOS33,3,12,FAST,NONE**,,,LOCATED,,YES,NONE,
AF6,Ad<18>,IOB,IO_L24N_3,OUTPUT,LVCMOS33,3,12,FAST,NONE**,,,LOCATED,,YES,NONE,
AF7,DP1<0>,IOB,IO_L22N_3,BIDIR,LVCMOS33,3,12,FAST,NONE**,IFD,,LOCATED,,YES,NONE,
AF8,BHE_a1,IOB,IO_L27N_3/VREF_3,OUTPUT,LVCMOS33,3,12,FAST,NONE**,,,LOCATED,,NO,NONE,
AF9,,DIFFM,IO_L27P_3,UNUSED,,3,,,,,,,,,,
AF10,MictorUnten_oddPOD<5>,IOB,IO_L01N_3,OUTPUT,LVTTL,3,12,SLOW,NONE**,,,LOCATED,,NO,NONE,
AF11,MictorUnten_oddPOD<0>,IOB,IO_L03P_3,OUTPUT,LVTTL,3,12,SLOW,NONE**,,,LOCATED,,NO,NONE,
AF12,,DIFFS,IO_L29N_4,UNUSED,,4,,,,,,,,,,
AF13,,DIFFM,IO_L29P_4,UNUSED,,4,,,,,,,,,,
AF14,,DIFFS,IO_L71N_4,UNUSED,,4,,,,,,,,,,
AF15,,DIFFM,IO_L71P_4,UNUSED,,4,,,,,,,,,,
AF16,,,GND,,,,,,,,,,,,,
AF17,,DIFFS,IO_L95N_4/GCLK3S,UNUSED,,4,,,,,,,,,,
AF18,clock_ip,IOB,IO_L95P_5/GCLK4P,INPUT,LVTTL,5,,,,NONE,,LOCATED,,NO,NONE,
AF19,,,GND,,,,,,,,,,,,,
AF20,,DIFFS,IO_L71N_5,UNUSED,,5,,,,,,,,,,
AF21,,DIFFM,IO_L71P_5,UNUSED,,5,,,,,,,,,,
AF22,,DIFFS,IO_L26N_5,UNUSED,,5,,,,,,,,,,
AF23,,DIFFM,IO_L26P_5,UNUSED,,5,,,,,,,,,,
AF24,,DIFFM,IO_L20P_5,UNUSED,,5,,,,,,,,,,
AF25,,DIFFM,IO_L04P_6,UNUSED,,6,,,,,,,,,,
AF26,,DIFFS,IO_L19N_6,UNUSED,,6,,,,,,,,,,
AF27,,DIFFM,IO_L25P_6,UNUSED,,6,,,,,,,,,,
AF28,,DIFFS,IO_L22N_6,UNUSED,,6,,,,,,,,,,
AF29,,DIFFM,IO_L24P_6,UNUSED,,6,,,,,,,,,,
AF30,,DIFFS,IO_L23N_6,UNUSED,,6,,,,,,,,,,
AF31,dip<7>,IOB,IO_L29P_6,INPUT,LVCMOS33,6,,,PULLDOWN,NONE,,LOCATED,,NO,NONE,
AF32,dip<13>,IOB,IO_L30P_6,INPUT,LVCMOS33,6,,,PULLDOWN,NONE,,LOCATED,,NO,NONE,
AF33,dip<22>,IOB,IO_L51P_6,INPUT,LVCMOS33,6,,,PULLDOWN,NONE,,LOCATED,,NO,NONE,
AF34,dip<27>,IOB,IO_L53P_6,INPUT,LVCMOS33,6,,,PULLDOWN,NONE,,LOCATED,,NO,NONE,
AG1,,,GND,,,,,,,,,,,,,
AG2,DP2<11>,IOB,IO_L44P_3,BIDIR,LVCMOS33,3,12,FAST,NONE**,IFD,,LOCATED,,YES,NONE,
AG3,BLE_a2,IOB,IO_L43P_3,OUTPUT,LVCMOS33,3,12,FAST,NONE**,,,LOCATED,,NO,NONE,
AG4,DP1<12>,IOB,IO_L25N_3,BIDIR,LVCMOS33,3,12,FAST,NONE**,IFD,,LOCATED,,YES,NONE,
AG5,DP2<9>,IOB,IO_L29P_3,BIDIR,LVCMOS33,3,12,FAST,NONE**,IFD,,LOCATED,,YES,NONE,
AG6,DP1<13>,IOB,IO_L24P_3,BIDIR,LVCMOS33,3,12,FAST,NONE**,IFD,,LOCATED,,YES,NONE,
AG7,Ad<17>,IOB,IO_L22P_3,OUTPUT,LVCMOS33,3,12,FAST,NONE**,,,LOCATED,,YES,NONE,
AG8,,,GND,,,,,,,,,,,,,
AG9,MictorUnten_evenPOD<5>,IOB,IO_L01P_3,OUTPUT,LVTTL,3,12,SLOW,NONE**,,,LOCATED,,NO,NONE,
AG10,led_buildin<0>,IOB,IO_L02N_4/D0,OUTPUT,LVTTL,4,12,SLOW,NONE**,,,LOCATED,,NO,NONE,
AG11,MictorUnten_oddPOD<3>,IOB,IO_L26N_4,OUTPUT,LVTTL,4,12,SLOW,NONE**,,,LOCATED,,NO,NONE,
AG12,AudioL_Out,IOB,IO_L26P_4,OUTPUT,LVTTL,4,12,SLOW,NONE**,,,LOCATED,,YES,NONE,
AG13,AudioR_Out,IOB,IO_L53N_4,OUTPUT,LVTTL,4,12,SLOW,NONE**,,,LOCATED,,YES,NONE,
AG14,,DIFFM,IO_L53P_4,UNUSED,,4,,,,,,,,,,
AG15,,DIFFS,IO_L74N_4,UNUSED,,4,,,,,,,,,,
AG16,,DIFFM,IO_L74P_4,UNUSED,,4,,,,,,,,,,
AG17,,DIFFM,IO_L95P_4/GCLK2P,UNUSED,,4,,,,,,,,,,
AG18,,DIFFS,IO_L95N_5/GCLK5S,UNUSED,,5,,,,,,,,,,
AG19,,DIFFS,IO_L74N_5,UNUSED,,5,,,,,,,,,,
AG20,,DIFFM,IO_L74P_5,UNUSED,,5,,,,,,,,,,
AG21,,DIFFS,IO_L50N_5,UNUSED,,5,,,,,,,,,,
AG22,,DIFFM,IO_L50P_5,UNUSED,,5,,,,,,,,,,
AG23,,DIFFS,IO_L20N_5,UNUSED,,5,,,,,,,,,,
AG24,led_buildin<6>,IOB,IO_L02N_5/D6,OUTPUT,LVTTL,5,12,SLOW,NONE**,,,LOCATED,,NO,NONE,
AG25,led_buildin<7>,IOB,IO_L02P_5/D7,OUTPUT,LVTTL,5,12,SLOW,NONE**,,,LOCATED,,NO,NONE,
AG26,,DIFFM,IO_L19P_6,UNUSED,,6,,,,,,,,,,
AG27,,,GND,,,,,,,,,,,,,
AG28,,DIFFM,IO_L22P_6,UNUSED,,6,,,,,,,,,,
AG29,,DIFFS,IO_L06N_6,UNUSED,,6,,,,,,,,,,
AG30,,DIFFM,IO_L23P_6,UNUSED,,6,,,,,,,,,,
AG31,,DIFFS,IO_L29N_6,UNUSED,,6,,,,,,,,,,
AG32,dip<14>,IOB,IO_L30N_6,INPUT,LVCMOS33,6,,,PULLDOWN,NONE,,LOCATED,,NO,NONE,
AG33,dip<23>,IOB,IO_L51N_6/VREF_6,INPUT,LVCMOS33,6,,,PULLDOWN,NONE,,LOCATED,,NO,NONE,
AG34,,,GND,,,,,,,,,,,,,
AH1,DP2<7>,IOB,IO_L26N_3,BIDIR,LVCMOS33,3,12,FAST,NONE**,IFD,,LOCATED,,YES,NONE,
AH2,DP2<5>,IOB,IO_L20N_3,BIDIR,LVCMOS33,3,12,FAST,NONE**,IFD,,LOCATED,,YES,NONE,
AH3,OE_a2,IOB,IO_L23N_3,OUTPUT,LVCMOS33,3,12,FAST,NONE**,,,LOCATED,,NO,NONE,
AH4,,,VCCO_3,,,3,,,,,3.30,,,,,
AH5,DP2<4>,IOB,IO_L25P_3,BIDIR,LVCMOS33,3,12,FAST,NONE**,IFD,,LOCATED,,YES,NONE,
AH6,DP2<10>,IOB,IO_L04N_3,BIDIR,LVCMOS33,3,12,FAST,NONE**,IFD,,LOCATED,,YES,NONE,
AH7,,,GND,,,,,,,,,,,,,
AH8,,,CCLK,,,,,,,,,,,,,
AH9,MictorUnten_oddPOD<15>,IOB,IO_L21N_4,OUTPUT,LVTTL,4,12,SLOW,NONE**,,,LOCATED,,NO,NONE,
AH10,MictorUnten_oddPOD<11>,IOB,IO_L21P_4/VREF_4,OUTPUT,LVTTL,4,12,SLOW,NONE**,,,LOCATED,,NO,NONE,
AH11,led_buildin<1>,IOB,IO_L02P_4/D1,OUTPUT,LVTTL,4,12,SLOW,NONE**,,,LOCATED,,NO,NONE,
AH12,serial0_in,IOB,IO_L50P_4,INPUT,LVTTL,4,,,,IFD,,LOCATED,,YES,NONE,
AH13,serial0_out,IOB,IO_L50N_4,OUTPUT,LVTTL,4,12,SLOW,NONE**,,,LOCATED,,YES,NONE,
AH14,,,GND,,,,,,,,,,,,,
AH15,,DIFFS,IO_L81N_4,UNUSED,,4,,,,,,,,,,
AH16,,DIFFM,IO_L83P_4,UNUSED,,4,,,,,,,,,,
AH17,,DIFFS,IO_L83N_4,UNUSED,,4,,,,,,,,,,
AH18,,DIFFM,IO_L92P_5,UNUSED,,5,,,,,,,,,,
AH19,,DIFFS,IO_L92N_5,UNUSED,,5,,,,,,,,,,
AH20,,DIFFM,IO_L75P_5,UNUSED,,5,,,,,,,,,,
AH21,,,GND,,,,,,,,,,,,,
AH22,,DIFFM,IO_L29P_5,UNUSED,,5,,,,,,,,,,
AH23,,DIFFS,IO_L29N_5,UNUSED,,5,,,,,,,,,,
AH24,,DIFFS,IO_L27N_5/VREF_5,UNUSED,,5,,,,,,,,,,
AH25,,DIFFM,IO_L27P_5,UNUSED,,5,,,,,,,,,,
AH26,,DIFFS,IO_L23N_5,UNUSED,,5,,,,,,,,,,
AH27,,,M0,,,,,,,,,,,,,
AH28,,,GND,,,,,,,,,,,,,
AH29,,DIFFM,IO_L06P_6,UNUSED,,6,,,,,,,,,,
AH30,,DIFFS,IO_L02N_6/VRP_6,UNUSED,,6,,,,,,,,,,
AH31,,,VCCO_6,,,6,,,,,3.30,,,,,
AH32,dip<15>,IOB,IO_L21N_6/VREF_6,INPUT,LVCMOS33,6,,,PULLDOWN,NONE,,LOCATED,,NO,NONE,
AH33,,DIFFS,IO_L44N_6,UNUSED,,6,,,,,,,,,,
AH34,dip<28>,IOB,IO_L47N_6,INPUT,LVCMOS33,6,,,PULLDOWN,NONE,,LOCATED,,NO,NONE,
AJ1,DP2<8>,IOB,IO_L26P_3,BIDIR,LVCMOS33,3,12,FAST,NONE**,IFD,,LOCATED,,YES,NONE,
AJ2,WE_a2,IOB,IO_L20P_3,OUTPUT,LVCMOS33,3,12,FAST,NONE**,,,LOCATED,,NO,NONE,
AJ3,BHE_a2,IOB,IO_L23P_3,OUTPUT,LVCMOS33,3,12,FAST,NONE**,,,LOCATED,,NO,NONE,
AJ4,DP2<15>,IOB,IO_L19N_3,BIDIR,LVCMOS33,3,12,FAST,NONE**,IFD,,LOCATED,,YES,NONE,
AJ5,DP2<6>,IOB,IO_L04P_3,BIDIR,LVCMOS33,3,12,FAST,NONE**,IFD,,LOCATED,,YES,NONE,
AJ6,,,GND,,,,,,,,,,,,,
AJ7,,,DONE,,,,,,,,,,,,,
AJ8,MictorUnten_evenPOD<7>,IOB,IO_L05P_4/VRN_4,OUTPUT,LVTTL,4,12,SLOW,NONE**,,,LOCATED,,NO,NONE,
AJ9,MictorUnten_oddPOD<13>,IOB,IO_L20P_4,OUTPUT,LVTTL,4,12,SLOW,NONE**,,,LOCATED,,NO,NONE,
AJ10,MictorUnten_oddPOD<7>,IOB,IO_L20N_4,OUTPUT,LVTTL,4,12,SLOW,NONE**,,,LOCATED,,NO,NONE,
AJ11,MictorUnten_oddPOD<2>,IOB,IO_L51N_4,OUTPUT,LVTTL,4,12,SLOW,NONE**,,,LOCATED,,NO,NONE,
AJ12,serial1_in,IOB,IO_L51P_4/VREF_4,INPUT,LVTTL,4,,,,NONE,,LOCATED,,NO,NONE,
AJ13,serial1_out,IOB,IO_L69N_4,OUTPUT,LVTTL,4,12,SLOW,NONE**,,,LOCATED,,NO,NONE,
AJ14,,DIFFM,IO_L69P_4/VREF_4,UNUSED,,4,,,,,,,,,,
AJ15,,DIFFM,IO_L81P_4/VREF_4,UNUSED,,4,,,,,,,,,,
AJ16,,DIFFM,IO_L92P_4,UNUSED,,4,,,,,,,,,,
AJ17,,DIFFS,IO_L92N_4,UNUSED,,4,,,,,,,,,,
AJ18,,DIFFM,IO_L93P_5,UNUSED,,5,,,,,,,,,,
AJ19,,DIFFS,IO_L93N_5,UNUSED,,5,,,,,,,,,,
AJ20,,DIFFS,IO_L75N_5/VREF_5,UNUSED,,5,,,,,,,,,,
AJ21,,DIFFS,IO_L69N_5/VREF_5,UNUSED,,5,,,,,,,,,,
AJ22,,DIFFM,IO_L69P_5,UNUSED,,5,,,,,,,,,,
AJ23,,DIFFM,IO_L68P_5,UNUSED,,5,,,,,,,,,,
AJ24,,DIFFS,IO_L68N_5,UNUSED,,5,,,,,,,,,,
AJ25,,DIFFM,IO_L23P_5,UNUSED,,5,,,,,,,,,,
AJ26,,DIFFM,IO_L06P_5,UNUSED,,5,,,,,,,,,,
AJ27,,DIFFS,IO_L06N_5,UNUSED,,5,,,,,,,,,,
AJ28,,,M1,,,,,,,,,,,,,
AJ29,,,GND,,,,,,,,,,,,,
AJ30,,DIFFM,IO_L02P_6/VRN_6,UNUSED,,6,,,,,,,,,,
AJ31,,DIFFM,IO_L05P_6,UNUSED,,6,,,,,,,,,,
AJ32,,DIFFM,IO_L21P_6,UNUSED,,6,,,,,,,,,,
AJ33,,DIFFM,IO_L44P_6,UNUSED,,6,,,,,,,,,,
AJ34,dip<29>,IOB,IO_L47P_6,INPUT,LVCMOS33,6,,,PULLDOWN,NONE,,LOCATED,,NO,NONE,
AK1,DP2<0>,IOB,IO_L21P_3,BIDIR,LVCMOS33,3,12,FAST,NONE**,IFD,,LOCATED,,YES,NONE,
AK2,DP2<3>,IOB,IO_L05N_3,BIDIR,LVCMOS33,3,12,FAST,NONE**,IFD,,LOCATED,,YES,NONE,
AK3,DP2<2>,IOB,IO_L02N_3/VRP_3,BIDIR,LVCMOS33,3,12,FAST,NONE**,IFD,,LOCATED,,YES,NONE,
AK4,DP2<1>,IOB,IO_L19P_3,BIDIR,LVCMOS33,3,12,FAST,NONE**,IFD,,LOCATED,,YES,NONE,
AK5,,,GND,,,,,,,,,,,,,
AK6,,,PWRDWN_B,,,,,,,,,,,,,
AK7,led_buildin<2>,IOB,IO_L03N_4/D2/ALT_VRP_4,OUTPUT,LVTTL,4,12,SLOW,NONE**,,,LOCATED,,NO,NONE,
AK8,led_buildin<3>,IOB,IO_L03P_4/D3/ALT_VRN_4,OUTPUT,LVTTL,4,12,SLOW,NONE**,,,LOCATED,,NO,NONE,
AK9,MictorUnten_evenPOD<11>,IOB,IO_L05N_4/VRP_4,OUTPUT,LVTTL,4,12,SLOW,NONE**,,,LOCATED,,NO,NONE,
AK10,MictorUnten_oddPOD<6>,IOB,IO_L30N_4,OUTPUT,LVTTL,4,12,SLOW,NONE**,,,LOCATED,,NO,NONE,
AK11,MictorUnten_oddPOD<4>,IOB,IO_L30P_4,OUTPUT,LVTTL,4,12,SLOW,NONE**,,,LOCATED,,NO,NONE,
AK12,,,GND,,,,,,,,,,,,,
AK13,,DIFFM,IO_L78P_4,UNUSED,,4,,,,,,,,,,
AK14,pca9564_data<7>,IOB,IO_L78N_4,BIDIR,LVCMOS33,4,12,FAST,PULLUP,NONE,,LOCATED,,YES,NONE,
AK15,,,VCCO_4,,,4,,,,,3.30,,,,,
AK16,clk,IOB,IO_L96N_4/GCLK1S,INPUT,LVTTL,4,,,,NONE,,LOCATED,,NO,NONE,
AK17,,DIFFM,IO_L96P_4/GCLK0P,UNUSED,,4,,,,,,,,,,
AK18,,DIFFS,IO_L96N_5/GCLK7S,UNUSED,,5,,,,,,,,,,
AK19,,DIFFM,IO_L96P_5/GCLK6P,UNUSED,,5,,,,,,,,,,
AK20,,,VCCO_5,,,5,,,,,3.30,,,,,
AK21,,DIFFM,IO_L78P_5,UNUSED,,5,,,,,,,,,,
AK22,,DIFFS,IO_L78N_5,UNUSED,,5,,,,,,,,,,
AK23,,,GND,,,,,,,,,,,,,
AK24,,DIFFS,IO_L30N_5,UNUSED,,5,,,,,,,,,,
AK25,,DIFFM,IO_L30P_5,UNUSED,,5,,,,,,,,,,
AK26,,DIFFS,IO_L21N_5/VREF_5,UNUSED,,5,,,,,,,,,,
AK27,,DIFFM,IO_L21P_5,UNUSED,,5,,,,,,,,,,
AK28,led_buildin<4>,IOB,IO_L03N_5/D4/ALT_VRP_5,OUTPUT,LVTTL,5,12,SLOW,NONE**,,,LOCATED,,NO,NONE,
AK29,,,M2,,,,,,,,,,,,,
AK30,,,GND,,,,,,,,,,,,,
AK31,,DIFFS,IO_L05N_6,UNUSED,,6,,,,,,,,,,
AK32,,DIFFS,IO_L03N_6/VREF_6,UNUSED,,6,,,,,,,,,,
AK33,,DIFFS,IO_L20N_6,UNUSED,,6,,,,,,,,,,
AK34,dip<30>,IOB,IO_L26N_6,INPUT,LVCMOS33,6,,,PULLDOWN,NONE,,LOCATED,,NO,NONE,
AL1,DP2<12>,IOB,IO_L21N_3/VREF_3,BIDIR,LVCMOS33,3,12,FAST,NONE**,IFD,,LOCATED,,YES,NONE,
AL2,DP2<13>,IOB,IO_L05P_3,BIDIR,LVCMOS33,3,12,FAST,NONE**,IFD,,LOCATED,,YES,NONE,
AL3,DP2<14>,IOB,IO_L02P_3/VRN_3,BIDIR,LVCMOS33,3,12,FAST,NONE**,IFD,,LOCATED,,YES,NONE,
AL4,,,GND,,,,,,,,,,,,,
AL5,reset,IOB,IO_L01P_4/INIT_B,INPUT,LVTTL,4,,,,IFD,,LOCATED,,YES,NONE,
AL6,MictorUnten_evenPOD<0>,IOB,IO_L04N_4/VREF_4,OUTPUT,LVTTL,4,12,SLOW,NONE**,,,LOCATED,,NO,NONE,
AL7,,,VCCO_4,,,4,,,,,3.30,,,,,
AL8,MictorUnten_evenPOD<15>,IOB,IO_L24P_4,OUTPUT,LVTTL,4,12,SLOW,NONE**,,,LOCATED,,NO,NONE,
AL9,MictorUnten_oddPOD<12>,IOB,IO_L28P_4,OUTPUT,LVTTL,4,12,SLOW,NONE**,,,LOCATED,,NO,NONE,
AL10,MictorUnten_oddPOD<8>,IOB,IO_L28N_4,OUTPUT,LVTTL,4,12,SLOW,NONE**,,,LOCATED,,NO,NONE,
AL11,,DIFFM,IO_L54P_4,UNUSED,,4,,,,,,,,,,
AL12,pca9564_wr,IOB,IO_L70P_4,OUTPUT,LVCMOS33,4,12,FAST,NONE**,,,LOCATED,,NO,NONE,
AL13,pca9564_data<6>,IOB,IO_L70N_4,BIDIR,LVCMOS33,4,12,FAST,PULLUP,NONE,,LOCATED,,YES,NONE,
AL14,,DIFFM,IO_L84P_4,UNUSED,,4,,,,,,,,,,
AL15,,DIFFS,IO_L84N_4,UNUSED,,4,,,,,,,,,,
AL16,,DIFFS,IO_L91N_4/VREF_4,UNUSED,,4,,,,,,,,,,
AL17,,DIFFM,IO_L91P_4,UNUSED,,4,,,,,,,,,,
AL18,,DIFFS,IO_L94N_5,UNUSED,,5,,,,,,,,,,
AL19,,DIFFM,IO_L94P_5/VREF_5,UNUSED,,5,,,,,,,,,,
AL20,,DIFFM,IO_L84P_5,UNUSED,,5,,,,,,,,,,
AL21,,DIFFS,IO_L84N_5,UNUSED,,5,,,,,,,,,,
AL22,,DIFFM,IO_L72P_5,UNUSED,,5,,,,,,,,,,
AL23,,DIFFS,IO_L72N_5,UNUSED,,5,,,,,,,,,,
AL24,,DIFFM,IO_L54P_5,UNUSED,,5,,,,,,,,,,
AL25,,DIFFS,IO_L54N_5,UNUSED,,5,,,,,,,,,,
AL26,,DIFFM,IO_L24P_5,UNUSED,,5,,,,,,,,,,
AL27,,DIFFS,IO_L24N_5,UNUSED,,5,,,,,,,,,,
AL28,,,VCCO_5,,,5,,,,,3.30,,,,,
AL29,led_buildin<5>,IOB,IO_L03P_5/D5/ALT_VRN_5,OUTPUT,LVTTL,5,12,SLOW,NONE**,,,LOCATED,,NO,NONE,
AL30,,DIFFS,IO_L01N_5/RDWR_B,UNUSED,,5,,,,,,,,,,
AL31,,,GND,,,,,,,,,,,,,
AL32,,DIFFM,IO_L03P_6,UNUSED,,6,,,,,,,,,,
AL33,,DIFFM,IO_L20P_6,UNUSED,,6,,,,,,,,,,
AL34,dip<31>,IOB,IO_L26P_6,INPUT,LVCMOS33,6,,,PULLDOWN,NONE,,LOCATED,,NO,NONE,
AM1,,,GND,,,,,,,,,,,,,
AM2,MictorUnten_evenPOD<2>,IOB,IO_L19P_4,OUTPUT,LVTTL,4,12,SLOW,NONE**,,,LOCATED,,NO,NONE,
AM3,,,GND,,,,,,,,,,,,,
AM4,,DIFFS,IO_L01N_4/DOUT,UNUSED,,4,,,,,,,,,,
AM5,,,VCCAUX,,,,,,,,3.3,,,,,
AM6,MictorUnten_evenPOD<1>,IOB,IO_L04P_4,OUTPUT,LVTTL,4,12,SLOW,NONE**,,,LOCATED,,NO,NONE,
AM7,MictorUnten_evenPOD<3>,IOB,IO_L06P_4,OUTPUT,LVTTL,4,12,SLOW,NONE**,,,LOCATED,,NO,NONE,
AM8,MictorUnten_evenPOD<9>,IOB,IO_L06N_4,OUTPUT,LVTTL,4,12,SLOW,NONE**,,,LOCATED,,NO,NONE,
AM9,MictorUnten_oddPOD<9>,IOB,IO_L24N_4,OUTPUT,LVTTL,4,12,SLOW,NONE**,,,LOCATED,,NO,NONE,
AM10,,,GND,,,,,,,,,,,,,
AM11,,DIFFS,IO_L54N_4,UNUSED,,4,,,,,,,,,,
AM12,pca9564_address<0>,IOB,IO_L72P_4,TRISTATE,LVCMOS33,4,12,FAST,PULLUP,,,LOCATED,,YES,NONE,
AM13,pca9564_data<3>,IOB,IO_L72N_4,BIDIR,LVCMOS33,4,12,FAST,PULLUP,NONE,,LOCATED,,YES,NONE,
AM14,pca9564_ce,IOB,IO_L93P_4,OUTPUT,LVCMOS33,4,12,FAST,NONE**,,,LOCATED,,NO,NONE,
AM15,pca9564_data<4>,IOB,IO_L93N_4,BIDIR,LVCMOS33,4,12,FAST,PULLUP,NONE,,LOCATED,,YES,NONE,
AM16,pca9564_rd,IOB,IO_L94N_4/VREF_4,OUTPUT,LVCMOS33,4,12,FAST,NONE**,,,LOCATED,,NO,NONE,
AM17,pca9564_data<5>,IOB,IO_L94P_4,BIDIR,LVCMOS33,4,12,FAST,PULLUP,NONE,,LOCATED,,YES,NONE,
AM18,,,VCCAUX,,,,,,,,3.3,,,,,
AM19,,DIFFS,IO_L91N_5,UNUSED,,5,,,,,,,,,,
AM20,,DIFFM,IO_L91P_5/VREF_5,UNUSED,,5,,,,,,,,,,
AM21,,DIFFM,IO_L83P_5,UNUSED,,5,,,,,,,,,,
AM22,,DIFFS,IO_L83N_5,UNUSED,,5,,,,,,,,,,
AM23,,DIFFM,IO_L70P_5,UNUSED,,5,,,,,,,,,,
AM24,,DIFFS,IO_L70N_5,UNUSED,,5,,,,,,,,,,
AM25,,,GND,,,,,,,,,,,,,
AM26,,DIFFM,IO_L25P_5,UNUSED,,5,,,,,,,,,,
AM27,,DIFFS,IO_L25N_5,UNUSED,,5,,,,,,,,,,
AM28,,DIFFS,IO_L04N_5,UNUSED,,5,,,,,,,,,,
AM29,,DIFFM,IO_L04P_5/VREF_5,UNUSED,,5,,,,,,,,,,
AM30,,,VCCAUX,,,,,,,,3.3,,,,,
AM31,,DIFFM,IO_L01P_5/CS_B,UNUSED,,5,,,,,,,,,,
AM32,,,GND,,,,,,,,,,,,,
AM33,,DIFFS,IO_L19N_5,UNUSED,,5,,,,,,,,,,
AM34,,,GND,,,,,,,,,,,,,
AN1,,,GND,,,,,,,,,,,,,
AN2,,,GND,,,,,,,,,,,,,
AN3,MictorUnten_evenPOD<4>,IOB,IO_L19N_4,OUTPUT,LVTTL,4,12,SLOW,NONE**,,,LOCATED,,NO,NONE,
AN4,MictorUnten_evenPOD<6>,IOB,IO_L22P_4,OUTPUT,LVTTL,4,12,SLOW,NONE**,,,LOCATED,,NO,NONE,
AN5,MictorUnten_evenPOD<10>,IOB,IO_L22N_4,OUTPUT,LVTTL,4,12,SLOW,NONE**,,,LOCATED,,NO,NONE,
AN6,MictorUnten_evenPOD<13>,IOB,IO_L27P_4/VREF_4,OUTPUT,LVTTL,4,12,SLOW,NONE**,,,LOCATED,,NO,NONE,
AN7,,DIFFS,IO_L27N_4,UNUSED,,4,,,,,,,,,,
AN8,MictorUnten_oddPOD<14>,IOB,IO_L52P_4,OUTPUT,LVTTL,4,12,SLOW,NONE**,,,LOCATED,,NO,NONE,
AN9,,DIFFM,IO_L60P_4,UNUSED,,4,,,,,,,,,,
AN10,,DIFFS,IO_L60N_4,UNUSED,,4,,,,,,,,,,
AN11,,DIFFM,IO_L67P_4,UNUSED,,4,,,,,,,,,,
AN12,pca9564_reset,IOB,IO_L67N_4,OUTPUT,LVCMOS33,4,12,FAST,NONE**,,,LOCATED,,NO,NONE,
AN13,pca9564_int,IOB,IO_L75P_4/VREF_4,INPUT,LVCMOS33,4,,,,NONE,,LOCATED,,NO,NONE,
AN14,pca9564_address<1>,IOB,IO_L75N_4,TRISTATE,LVCMOS33,4,12,FAST,PULLUP,,,LOCATED,,YES,NONE,
AN15,,,GND,,,,,,,,,,,,,
AN16,,DIFFS,IO_L79N_4,UNUSED,,4,,,,,,,,,,
AN17,,DIFFM,IO_L82P_4,UNUSED,,4,,,,,,,,,,
AN18,,DIFFS,IO_L82N_5,UNUSED,,5,,,,,,,,,,
AN19,,DIFFM,IO_L81P_5,UNUSED,,5,,,,,,,,,,
AN20,,,GND,,,,,,,,,,,,,
AN21,,DIFFM,IO_L76P_5,UNUSED,,5,,,,,,,,,,
AN22,,DIFFS,IO_L76N_5,UNUSED,,5,,,,,,,,,,
AN23,,DIFFM,IO_L67P_5,UNUSED,,5,,,,,,,,,,
AN24,,DIFFS,IO_L67N_5,UNUSED,,5,,,,,,,,,,
AN25,,DIFFM,IO_L60P_5,UNUSED,,5,,,,,,,,,,
AN26,,DIFFS,IO_L60N_5,UNUSED,,5,,,,,,,,,,
AN27,,DIFFS,IO_L52N_5,UNUSED,,5,,,,,,,,,,
AN28,,DIFFM,IO_L49P_5,UNUSED,,5,,,,,,,,,,
AN29,,DIFFS,IO_L49N_5,UNUSED,,5,,,,,,,,,,
AN30,,DIFFM,IO_L22P_5,UNUSED,,5,,,,,,,,,,
AN31,,DIFFS,IO_L22N_5,UNUSED,,5,,,,,,,,,,
AN32,,DIFFM,IO_L19P_5,UNUSED,,5,,,,,,,,,,
AN33,,,GND,,,,,,,,,,,,,
AN34,,,GND,,,,,,,,,,,,,
AP2,,,GND,,,,,,,,,,,,,
AP3,,,GND,,,,,,,,,,,,,
AP4,MictorUnten_evenPOD<8>,IOB,IO_L25P_4,OUTPUT,LVTTL,4,12,SLOW,NONE**,,,LOCATED,,NO,NONE,
AP5,MictorUnten_evenPOD<12>,IOB,IO_L25N_4,OUTPUT,LVTTL,4,12,SLOW,NONE**,,,LOCATED,,NO,NONE,
AP6,MictorUnten_evenPOD<14>,IOB,IO_L49P_4,OUTPUT,LVTTL,4,12,SLOW,NONE**,,,LOCATED,,NO,NONE,
AP7,,DIFFS,IO_L49N_4,UNUSED,,4,,,,,,,,,,
AP8,,,GND,,,,,,,,,,,,,
AP9,MictorUnten_oddPOD<10>,IOB,IO_L52N_4,OUTPUT,LVTTL,4,12,SLOW,NONE**,,,LOCATED,,NO,NONE,
AP10,,,VCCO_4,,,4,,,,,3.30,,,,,
AP11,,DIFFM,IO_L73P_4,UNUSED,,4,,,,,,,,,,
AP12,pca9564_data<0>,IOB,IO_L73N_4,BIDIR,LVCMOS33,4,12,FAST,PULLUP,NONE,,LOCATED,,YES,NONE,
AP13,pca9564_data<1>,IOB,IO_L76P_4,BIDIR,LVCMOS33,4,12,FAST,PULLUP,NONE,,LOCATED,,YES,NONE,
AP14,pca9564_data<2>,IOB,IO_L76N_4,BIDIR,LVCMOS33,4,12,FAST,PULLUP,NONE,,LOCATED,,YES,NONE,
AP15,,DIFFM,IO_L79P_4,UNUSED,,4,,,,,,,,,,
AP16,,,VCCO_4,,,4,,,,,3.30,,,,,
AP17,,DIFFS,IO_L82N_4,UNUSED,,4,,,,,,,,,,
AP18,,DIFFM,IO_L82P_5,UNUSED,,5,,,,,,,,,,
AP19,,,VCCO_5,,,5,,,,,3.30,,,,,
AP20,,DIFFS,IO_L81N_5/VREF_5,UNUSED,,5,,,,,,,,,,
AP21,,DIFFM,IO_L79P_5,UNUSED,,5,,,,,,,,,,
AP22,,DIFFS,IO_L79N_5,UNUSED,,5,,,,,,,,,,
AP23,,DIFFM,IO_L73P_5,UNUSED,,5,,,,,,,,,,
AP24,,DIFFS,IO_L73N_5,UNUSED,,5,,,,,,,,,,
AP25,,,VCCO_5,,,5,,,,,3.30,,,,,
AP26,,DIFFM,IO_L52P_5,UNUSED,,5,,,,,,,,,,
AP27,,,GND,,,,,,,,,,,,,
AP28,,DIFFM,IO_L51P_5,UNUSED,,5,,,,,,,,,,
AP29,,DIFFS,IO_L51N_5/VREF_5,UNUSED,,5,,,,,,,,,,
AP30,,DIFFM,IO_L28P_5,UNUSED,,5,,,,,,,,,,
AP31,,DIFFS,IO_L28N_5,UNUSED,,5,,,,,,,,,,
AP32,,,GND,,,,,,,,,,,,,
AP33,,,GND,,,,,,,,,,,,,
B1,,,GND,,,,,,,,,,,,,
B2,,,GND,,,,,,,,,,,,,
B3,MictorObenLinks_oddPOD<2>,IOB,IO_L01P_1,OUTPUT,LVTTL,1,12,SLOW,NONE**,,,LOCATED,,NO,NONE,
B4,MictorObenLinks_oddPOD<4>,IOB,IO_L19N_1,OUTPUT,LVTTL,1,12,SLOW,NONE**,,,LOCATED,,NO,NONE,
B5,MictorObenLinks_oddPOD<8>,IOB,IO_L19P_1,OUTPUT,LVTTL,1,12,SLOW,NONE**,,,LOCATED,,NO,NONE,
B6,MictorObenLinks_oddPOD<12>,IOB,IO_L25N_1,OUTPUT,LVTTL,1,12,SLOW,NONE**,,,LOCATED,,NO,NONE,
B7,,DIFFM,IO_L25P_1,UNUSED,,1,,,,,,,,,,
B8,MictorObenLinks_evenPOD<12>,IOB,IO_L51N_1/VREF_1,OUTPUT,LVTTL,1,12,SLOW,NONE**,,,LOCATED,,NO,NONE,
B9,MictorObenLinks_evenPOD<8>,IOB,IO_L52N_1,OUTPUT,LVTTL,1,12,SLOW,NONE**,,,LOCATED,,NO,NONE,
B10,MictorObenLinks_evenPOD<6>,IOB,IO_L52P_1,OUTPUT,LVTTL,1,12,SLOW,NONE**,,,LOCATED,,NO,NONE,
B11,,DIFFS,IO_L67N_1,UNUSED,,1,,,,,,,,,,
B12,MictorOben_oddPOD<6>,IOB,IO_L67P_1,OUTPUT,LVTTL,1,12,SLOW,NONE**,,,LOCATED,,NO,NONE,
B13,MictorOben_oddPOD<9>,IOB,IO_L76N_1,OUTPUT,LVTTL,1,12,SLOW,NONE**,,,LOCATED,,NO,NONE,
B14,MictorOben_oddPOD<11>,IOB,IO_L76P_1,OUTPUT,LVTTL,1,12,SLOW,NONE**,,,LOCATED,,NO,NONE,
B15,,,GND,,,,,,,,,,,,,
B16,,DIFFM,IO_L81P_1,UNUSED,,1,,,,,,,,,,
B17,,DIFFS,IO_L82N_1,UNUSED,,1,,,,,,,,,,
B18,,DIFFM,IO_L82P_0,UNUSED,,0,,,,,,,,,,
B19,,DIFFS,IO_L81N_0,UNUSED,,0,,,,,,,,,,
B20,,,GND,,,,,,,,,,,,,
B21,MictorOben_evenPOD<11>,IOB,IO_L76N_0,OUTPUT,LVTTL,0,12,SLOW,NONE**,,,LOCATED,,NO,NONE,
B22,MictorOben_evenPOD<9>,IOB,IO_L76P_0,OUTPUT,LVTTL,0,12,SLOW,NONE**,,,LOCATED,,NO,NONE,
B23,MictorOben_evenPOD<6>,IOB,IO_L67N_0,OUTPUT,LVTTL,0,12,SLOW,NONE**,,,LOCATED,,NO,NONE,
B24,,DIFFM,IO_L67P_0,UNUSED,,0,,,,,,,,,,
B25,,DIFFS,IO_L60N_0,UNUSED,,0,,,,,,,,,,
B26,,DIFFM,IO_L60P_0,UNUSED,,0,,,,,,,,,,
B27,,DIFFM,IO_L52P_0,UNUSED,,0,,,,,,,,,,
B28,,DIFFS,IO_L49N_0,UNUSED,,0,,,,,,,,,,
B29,,DIFFM,IO_L49P_0,UNUSED,,0,,,,,,,,,,
B30,,DIFFS,IO_L22N_0,UNUSED,,0,,,,,,,,,,
B31,,DIFFM,IO_L22P_0,UNUSED,,0,,,,,,,,,,
B32,,DIFFS,IO_L19N_0,UNUSED,,0,,,,,,,,,,
B33,,,GND,,,,,,,,,,,,,
B34,,,GND,,,,,,,,,,,,,
C1,,,GND,,,,,,,,,,,,,
C2,MictorObenLinks_oddPOD<0>,IOB,IO_L01N_1,OUTPUT,LVTTL,1,12,SLOW,NONE**,,,LOCATED,,NO,NONE,
C3,,,GND,,,,,,,,,,,,,
C4,,,VBATT,,,,,,,,,,,,,
C5,,,VCCAUX,,,,,,,,3.3,,,,,
C6,MictorObenLinks_oddPOD<3>,IOB,IO_L06P_1,OUTPUT,LVTTL,1,12,SLOW,NONE**,,,LOCATED,,NO,NONE,
C7,MictorObenLinks_evenPOD<14>,IOB,IO_L28N_1,OUTPUT,LVTTL,1,12,SLOW,NONE**,,,LOCATED,,NO,NONE,
C8,MictorObenLinks_oddPOD<9>,IOB,IO_L28P_1,OUTPUT,LVTTL,1,12,SLOW,NONE**,,,LOCATED,,NO,NONE,
C9,MictorObenLinks_oddPOD<11>,IOB,IO_L30P_1,OUTPUT,LVTTL,1,12,SLOW,NONE**,,,LOCATED,,NO,NONE,
C10,,,GND,,,,,,,,,,,,,
C11,,DIFFS,IO_L68N_1,UNUSED,,1,,,,,,,,,,
C12,MictorOben_oddPOD<5>,IOB,IO_L68P_1,OUTPUT,LVTTL,1,12,SLOW,NONE**,,,LOCATED,,NO,NONE,
C13,MictorOben_oddPOD<8>,IOB,IO_L78N_1,OUTPUT,LVTTL,1,12,SLOW,NONE**,,,LOCATED,,NO,NONE,
C14,MictorOben_oddPOD<12>,IOB,IO_L78P_1,OUTPUT,LVTTL,1,12,SLOW,NONE**,,,LOCATED,,NO,NONE,
C15,MictorOben_oddPOD<13>,IOB,IO_L91P_1/VREF_1,OUTPUT,LVTTL,1,12,SLOW,NONE**,,,LOCATED,,NO,NONE,
C16,MictorOben_oddPOD<14>,IOB,IO_L91N_1,OUTPUT,LVTTL,1,12,SLOW,NONE**,,,LOCATED,,NO,NONE,
C17,,,VCCAUX,,,,,,,,3.3,,,,,
C18,,DIFFM,IO_L94P_0,UNUSED,,0,,,,,,,,,,
C19,MictorOben_evenPOD<14>,IOB,IO_L94N_0/VREF_0,OUTPUT,LVTTL,0,12,SLOW,NONE**,,,LOCATED,,NO,NONE,
C20,,DIFFS,IO_L84N_0,UNUSED,,0,,,,,,,,,,
C21,,DIFFM,IO_L84P_0,UNUSED,,0,,,,,,,,,,
C22,MictorOben_evenPOD<8>,IOB,IO_L72N_0,OUTPUT,LVTTL,0,12,SLOW,NONE**,,,LOCATED,,NO,NONE,
C23,MictorOben_evenPOD<5>,IOB,IO_L72P_0,OUTPUT,LVTTL,0,12,SLOW,NONE**,,,LOCATED,,NO,NONE,
C24,,DIFFS,IO_L53N_0,UNUSED,,0,,,,,,,,,,
C25,,,GND,,,,,,,,,,,,,
C26,,DIFFS,IO_L24N_0,UNUSED,,0,,,,,,,,,,
C27,,DIFFS,IO_L21N_0,UNUSED,,0,,,,,,,,,,
C28,,DIFFM,IO_L21P_0/VREF_0,UNUSED,,0,,,,,,,,,,
C29,,DIFFM,IO_L01P_0,UNUSED,,0,,,,,,,,,,
C30,,,VCCAUX,,,,,,,,3.3,,,,,
C31,,,TDI,,,,,,,,,,,,,
C32,,,GND,,,,,,,,,,,,,
C33,,DIFFM,IO_L19P_0,UNUSED,,0,,,,,,,,,,
C34,,,GND,,,,,,,,,,,,,
D1,DQ2<11>,IOB,IO_L19P_2,BIDIR,LVCMOS33,2,12,FAST,NONE**,IFD,,LOCATED,,YES,NONE,
D2,DQ2<10>,IOB,IO_L01P_2,BIDIR,LVCMOS33,2,12,FAST,NONE**,IFD,,LOCATED,,YES,NONE,
D3,DQ2<9>,IOB,IO_L04P_2,BIDIR,LVCMOS33,2,12,FAST,NONE**,IFD,,LOCATED,,YES,NONE,
D4,,,GND,,,,,,,,,,,,,
D5,,,TDO,,,,,,,,,,,,,
D6,MictorObenLinks_oddPOD<1>,IOB,IO_L06N_1,OUTPUT,LVTTL,1,12,SLOW,NONE**,,,LOCATED,,NO,NONE,
D7,,,VCCO_1,,,1,,,,,3.30,,,,,
D8,MictorObenLinks_oddPOD<15>,IOB,IO_L04N_1,OUTPUT,LVTTL,1,12,SLOW,NONE**,,,LOCATED,,NO,NONE,
D9,MictorObenLinks_evenPOD<13>,IOB,IO_L30N_1,OUTPUT,LVTTL,1,12,SLOW,NONE**,,,LOCATED,,NO,NONE,
D10,,DIFFS,IO_L54N_1,UNUSED,,1,,,,,,,,,,
D11,,DIFFM,IO_L54P_1,UNUSED,,1,,,,,,,,,,
D12,MictorOben_oddPOD<3>,IOB,IO_L70N_1,OUTPUT,LVTTL,1,12,SLOW,NONE**,,,LOCATED,,NO,NONE,
D13,MictorOben_oddPOD<4>,IOB,IO_L70P_1,OUTPUT,LVTTL,1,12,SLOW,NONE**,,,LOCATED,,NO,NONE,
D14,,DIFFS,IO_L84N_1,UNUSED,,1,,,,,,,,,,
D15,,DIFFM,IO_L84P_1,UNUSED,,1,,,,,,,,,,
D16,MictorOben_oddPOD<15>,IOB,IO_L94P_1/VREF_1,OUTPUT,LVTTL,1,12,SLOW,NONE**,,,LOCATED,,NO,NONE,
D17,,DIFFS,IO_L94N_1,UNUSED,,1,,,,,,,,,,
D18,MictorOben_evenPOD<15>,IOB,IO_L91P_0,OUTPUT,LVTTL,0,12,SLOW,NONE**,,,LOCATED,,NO,NONE,
D19,MictorOben_evenPOD<13>,IOB,IO_L91N_0/VREF_0,OUTPUT,LVTTL,0,12,SLOW,NONE**,,,LOCATED,,NO,NONE,
D20,MictorOben_evenPOD<12>,IOB,IO_L78N_0,OUTPUT,LVTTL,0,12,SLOW,NONE**,,,LOCATED,,NO,NONE,
D21,MictorOben_evenPOD<10>,IOB,IO_L78P_0,OUTPUT,LVTTL,0,12,SLOW,NONE**,,,LOCATED,,NO,NONE,
D22,MictorOben_evenPOD<4>,IOB,IO_L54N_0,OUTPUT,LVTTL,0,12,SLOW,NONE**,,,LOCATED,,NO,NONE,
D23,MictorOben_evenPOD<3>,IOB,IO_L54P_0,OUTPUT,LVTTL,0,12,SLOW,NONE**,,,LOCATED,,NO,NONE,
D24,,DIFFM,IO_L53P_0,UNUSED,,0,,,,,,,,,,
D25,,DIFFS,IO_L28N_0,UNUSED,,0,,,,,,,,,,
D26,,DIFFM,IO_L28P_0,UNUSED,,0,,,,,,,,,,
D27,,DIFFM,IO_L24P_0,UNUSED,,0,,,,,,,,,,
D28,,,VCCO_0,,,0,,,,,3.30,,,,,
D29,,DIFFS,IO_L01N_0,UNUSED,,0,,,,,,,,,,
D30,,,PROG_B,,,,,,,,,,,,,
D31,,,GND,,,,,,,,,,,,,
D32,,DIFFM,IO_L06P_7,UNUSED,,7,,,,,,,,,,
D33,,DIFFM,IO_L01P_7,UNUSED,,7,,,,,,,,,,
D34,led<24>,IOB,IO_L04P_7,OUTPUT,LVCMOS33,7,12,SLOW,NONE**,,,LOCATED,,NO,NONE,
E1,DQ2<7>,IOB,IO_L19N_2,BIDIR,LVCMOS33,2,12,FAST,NONE**,IFD,,LOCATED,,YES,NONE,
E2,DQ2<4>,IOB,IO_L01N_2,BIDIR,LVCMOS33,2,12,FAST,NONE**,IFD,,LOCATED,,YES,NONE,
E3,DQ2<5>,IOB,IO_L04N_2,BIDIR,LVCMOS33,2,12,FAST,NONE**,IFD,,LOCATED,,YES,NONE,
E4,DQ2<6>,IOB,IO_L06P_2,BIDIR,LVCMOS33,2,12,FAST,NONE**,IFD,,LOCATED,,YES,NONE,
E5,,,GND,,,,,,,,,,,,,
E6,,,TMS,,,,,,,,,,,,,
E7,MictorObenLinks_oddPOD<5>,IOB,IO_L04P_1/VREF_1,OUTPUT,LVTTL,1,12,SLOW,NONE**,,,LOCATED,,NO,NONE,
E8,MictorObenLinks_oddPOD<13>,IOB,IO_L24N_1,OUTPUT,LVTTL,1,12,SLOW,NONE**,,,LOCATED,,NO,NONE,
E9,MictorObenLinks_evenPOD<15>,IOB,IO_L24P_1,OUTPUT,LVTTL,1,12,SLOW,NONE**,,,LOCATED,,NO,NONE,
E10,MictorObenLinks_evenPOD<4>,IOB,IO_L27P_1,OUTPUT,LVTTL,1,12,SLOW,NONE**,,,LOCATED,,NO,NONE,
E11,MictorObenLinks_evenPOD<2>,IOB,IO_L27N_1/VREF_1,OUTPUT,LVTTL,1,12,SLOW,NONE**,,,LOCATED,,NO,NONE,
E12,,,GND,,,,,,,,,,,,,
E13,MictorOben_oddPOD<2>,IOB,IO_L72N_1,OUTPUT,LVTTL,1,12,SLOW,NONE**,,,LOCATED,,NO,NONE,
E14,MictorOben_oddPOD<10>,IOB,IO_L72P_1,OUTPUT,LVTTL,1,12,SLOW,NONE**,,,LOCATED,,NO,NONE,
E15,,,VCCO_1,,,1,,,,,3.30,,,,,
E16,,DIFFM,IO_L96P_1/GCLK2S,UNUSED,,1,,,,,,,,,,
E17,,DIFFS,IO_L96N_1/GCLK3P,UNUSED,,1,,,,,,,,,,
E18,,DIFFM,IO_L96P_0/GCLK4S,UNUSED,,0,,,,,,,,,,
E19,,DIFFS,IO_L96N_0/GCLK5P,UNUSED,,0,,,,,,,,,,
E20,,,VCCO_0,,,0,,,,,3.30,,,,,
E21,,DIFFS,IO_L73N_0,UNUSED,,0,,,,,,,,,,
E22,MictorOben_evenPOD<2>,IOB,IO_L73P_0,OUTPUT,LVTTL,0,12,SLOW,NONE**,,,LOCATED,,NO,NONE,
E23,,,GND,,,,,,,,,,,,,
E24,,DIFFM,IO_L27P_0/VREF_0,UNUSED,,0,,,,,,,,,,
E25,,DIFFS,IO_L27N_0,UNUSED,,0,,,,,,,,,,
E26,,DIFFS,IO_L06N_0,UNUSED,,0,,,,,,,,,,
E27,,DIFFM,IO_L03P_0/VRN_0,UNUSED,,0,,,,,,,,,,
E28,,DIFFS,IO_L03N_0/VRP_0,UNUSED,,0,,,,,,,,,,
E29,,,HSWAP_EN,,,,,,,,,,,,,
E30,,,GND,,,,,,,,,,,,,
E31,,DIFFM,IO_L19P_7,UNUSED,,7,,,,,,,,,,
E32,,DIFFS,IO_L06N_7,UNUSED,,7,,,,,,,,,,
E33,,DIFFS,IO_L01N_7,UNUSED,,7,,,,,,,,,,
E34,led<25>,IOB,IO_L04N_7,OUTPUT,LVCMOS33,7,12,SLOW,NONE**,,,LOCATED,,NO,NONE,
F1,DQ2<15>,IOB,IO_L43P_2,BIDIR,LVCMOS33,2,12,FAST,NONE**,IFD,,LOCATED,,YES,NONE,
F2,BLE_b2,IOB,IO_L25P_2,OUTPUT,LVCMOS33,2,12,FAST,NONE**,,,LOCATED,,NO,NONE,
F3,OE_b2,IOB,IO_L24P_2,OUTPUT,LVCMOS33,2,12,FAST,NONE**,,,LOCATED,,NO,NONE,
F4,DQ2<8>,IOB,IO_L06N_2,BIDIR,LVCMOS33,2,12,FAST,NONE**,IFD,,LOCATED,,YES,NONE,
F5,DQ2<1>,IOB,IO_L03N_2,BIDIR,LVCMOS33,2,12,FAST,NONE**,IFD,,LOCATED,,YES,NONE,
F6,,,GND,,,,,,,,,,,,,
F7,,,TCK,,,,,,,,,,,,,
F8,MictorObenLinks_oddPOD<7>,IOB,IO_L03P_1/VRN_1,OUTPUT,LVTTL,1,12,SLOW,NONE**,,,LOCATED,,NO,NONE,
F9,MictorObenLinks_evenPOD<11>,IOB,IO_L03N_1/VRP_1,OUTPUT,LVTTL,1,12,SLOW,NONE**,,,LOCATED,,NO,NONE,
F10,MictorObenLinks_evenPOD<9>,IOB,IO_L21N_1/VREF_1,OUTPUT,LVTTL,1,12,SLOW,NONE**,,,LOCATED,,NO,NONE,
F11,,DIFFS,IO_L60N_1,UNUSED,,1,,,,,,,,,,
F12,,DIFFM,IO_L60P_1,UNUSED,,1,,,,,,,,,,
F13,MictorOben_oddPOD<0>,IOB,IO_L69P_1,OUTPUT,LVTTL,1,12,SLOW,NONE**,,,LOCATED,,NO,NONE,
F14,MictorOben_oddPOD<1>,IOB,IO_L69N_1/VREF_1,OUTPUT,LVTTL,1,12,SLOW,NONE**,,,LOCATED,,NO,NONE,
F15,,DIFFS,IO_L75N_1/VREF_1,UNUSED,,1,,,,,,,,,,
F16,,DIFFS,IO_L93N_1,UNUSED,,1,,,,,,,,,,
F17,,DIFFM,IO_L93P_1,UNUSED,,1,,,,,,,,,,
F18,,DIFFS,IO_L93N_0,UNUSED,,0,,,,,,,,,,
F19,,DIFFM,IO_L93P_0,UNUSED,,0,,,,,,,,,,
F20,,DIFFM,IO_L75P_0/VREF_0,UNUSED,,0,,,,,,,,,,
F21,,DIFFM,IO_L69P_0/VREF_0,UNUSED,,0,,,,,,,,,,
F22,MictorOben_evenPOD<1>,IOB,IO_L69N_0,OUTPUT,LVTTL,0,12,SLOW,NONE**,,,LOCATED,,NO,NONE,
F23,MictorOben_evenPOD<0>,IOB,IO_L30N_0,OUTPUT,LVTTL,0,12,SLOW,NONE**,,,LOCATED,,NO,NONE,
F24,,DIFFM,IO_L30P_0,UNUSED,,0,,,,,,,,,,
F25,,DIFFS,IO_L04N_0/VREF_0,UNUSED,,0,,,,,,,,,,
F26,,DIFFM,IO_L04P_0,UNUSED,,0,,,,,,,,,,
F27,,DIFFM,IO_L06P_0,UNUSED,,0,,,,,,,,,,
F28,,,DXN,,,,,,,,,,,,,
F29,,,GND,,,,,,,,,,,,,
F30,,DIFFS,IO_L03N_7,UNUSED,,7,,,,,,,,,,
F31,,DIFFS,IO_L19N_7,UNUSED,,7,,,,,,,,,,
F32,led<8>,IOB,IO_L30P_7,OUTPUT,LVCMOS33,7,12,SLOW,NONE**,,,LOCATED,,NO,NONE,
F33,,DIFFM,IO_L22P_7,UNUSED,,7,,,,,,,,,,
F34,led<26>,IOB,IO_L28P_7,OUTPUT,LVCMOS33,7,12,SLOW,NONE**,,,LOCATED,,NO,NONE,
G1,DQ2<0>,IOB,IO_L43N_2,BIDIR,LVCMOS33,2,12,FAST,NONE**,IFD,,LOCATED,,YES,NONE,
G2,DQ2<2>,IOB,IO_L25N_2,BIDIR,LVCMOS33,2,12,FAST,NONE**,IFD,,LOCATED,,YES,NONE,
G3,BHE_b2,IOB,IO_L24N_2,OUTPUT,LVCMOS33,2,12,FAST,NONE**,,,LOCATED,,NO,NONE,
G4,,,VCCO_2,,,2,,,,,3.30,,,,,
G5,DQ2<3>,IOB,IO_L03P_2/VREF_2,BIDIR,LVCMOS33,2,12,FAST,NONE**,IFD,,LOCATED,,YES,NONE,
G6,DQ2<13>,IOB,IO_L22P_2,BIDIR,LVCMOS33,2,12,FAST,NONE**,IFD,,LOCATED,,YES,NONE,
G7,,,GND,,,,,,,,,,,,,
G8,,,NC,,,,,,,,,,,,,
G9,,DIFFM,IO_L21P_1,UNUSED,,1,,,,,,,,,,
G10,MictorObenLinks_evenPOD<7>,IOB,IO_L23N_1,OUTPUT,LVTTL,1,12,SLOW,NONE**,,,LOCATED,,NO,NONE,
G11,MictorObenLinks_evenPOD<0>,IOB,IO_L23P_1,OUTPUT,LVTTL,1,12,SLOW,NONE**,,,LOCATED,,NO,NONE,
G12,,DIFFS,IO_L53N_1,UNUSED,,1,,,,,,,,,,
G13,,DIFFM,IO_L53P_1,UNUSED,,1,,,,,,,,,,
G14,,,GND,,,,,,,,,,,,,
G15,,DIFFM,IO_L75P_1,UNUSED,,1,,,,,,,,,,
G16,,DIFFS,IO_L92N_1,UNUSED,,1,,,,,,,,,,
G17,,DIFFM,IO_L92P_1,UNUSED,,1,,,,,,,,,,
G18,,DIFFS,IO_L92N_0,UNUSED,,0,,,,,,,,,,
G19,,DIFFM,IO_L92P_0,UNUSED,,0,,,,,,,,,,
G20,,DIFFS,IO_L75N_0,UNUSED,,0,,,,,,,,,,
G21,,,GND,,,,,,,,,,,,,
G22,,DIFFS,IO_L68N_0,UNUSED,,0,,,,,,,,,,
G23,,DIFFM,IO_L68P_0,UNUSED,,0,,,,,,,,,,
G24,,DIFFS,IO_L26N_0,UNUSED,,0,,,,,,,,,,
G25,,DIFFM,IO_L26P_0,UNUSED,,0,,,,,,,,,,
G26,,DIFFM,IO_L02P_0,UNUSED,,0,,,,,,,,,,
G27,,,DXP,,,,,,,,,,,,,
G28,,,GND,,,,,,,,,,,,,
G29,,DIFFM,IO_L24P_7,UNUSED,,7,,,,,,,,,,
G30,,DIFFM,IO_L03P_7/VREF_7,UNUSED,,7,,,,,,,,,,
G31,,,VCCO_7,,,7,,,,,3.30,,,,,
G32,led<9>,IOB,IO_L30N_7,OUTPUT,LVCMOS33,7,12,SLOW,NONE**,,,LOCATED,,NO,NONE,
G33,,DIFFS,IO_L22N_7,UNUSED,,7,,,,,,,,,,
G34,led<27>,IOB,IO_L28N_7,OUTPUT,LVCMOS33,7,12,SLOW,NONE**,,,LOCATED,,NO,NONE,
H1,,,GND,,,,,,,,,,,,,
H2,DQ2<12>,IOB,IO_L45P_2/VREF_2,BIDIR,LVCMOS33,2,12,FAST,NONE**,IFD,,LOCATED,,YES,NONE,
H3,WE_b2,IOB,IO_L46P_2,OUTPUT,LVCMOS33,2,12,FAST,NONE**,,,LOCATED,,NO,NONE,
H4,DQ1<11>,IOB,IO_L30P_2,BIDIR,LVCMOS33,2,12,FAST,NONE**,IFD,,LOCATED,,YES,NONE,
H5,DQ2<14>,IOB,IO_L28P_2,BIDIR,LVCMOS33,2,12,FAST,NONE**,IFD,,LOCATED,,YES,NONE,
H6,DQ1<10>,IOB,IO_L22N_2,BIDIR,LVCMOS33,2,12,FAST,NONE**,IFD,,LOCATED,,YES,NONE,
H7,Ai<12>,IOB,IO_L21N_2,OUTPUT,LVCMOS33,2,12,FAST,NONE**,,,LOCATED,,YES,NONE,
H8,,,GND,,,,,,,,,,,,,
H9,,DIFFM,IO_L02P_1,UNUSED,,1,,,,,,,,,,
H10,MictorObenLinks_evenPOD<1>,IOB,IO_L02N_1,OUTPUT,LVTTL,1,12,SLOW,NONE**,,,LOCATED,,NO,NONE,
H11,MictorObenLinks_evenPOD<5>,IOB,IO_L05N_1,OUTPUT,LVTTL,1,12,SLOW,NONE**,,,LOCATED,,NO,NONE,
H12,,DIFFM,IO_L29P_1,UNUSED,,1,,,,,,,,,,
H13,,DIFFS,IO_L29N_1,UNUSED,,1,,,,,,,,,,
H14,,DIFFM,IO_L74P_1,UNUSED,,1,,,,,,,,,,
H15,,DIFFS,IO_L74N_1,UNUSED,,1,,,,,,,,,,
H16,,DIFFM,IO_L95P_1/GCLK0S,UNUSED,,1,,,,,,,,,,
H17,,DIFFS,IO_L95N_1/GCLK1P,UNUSED,,1,,,,,,,,,,
H18,,DIFFM,IO_L83P_0,UNUSED,,0,,,,,,,,,,
H19,,DIFFS,IO_L83N_0,UNUSED,,0,,,,,,,,,,
H20,,DIFFM,IO_L74P_0,UNUSED,,0,,,,,,,,,,
H21,,DIFFS,IO_L74N_0,UNUSED,,0,,,,,,,,,,
H22,,DIFFM,IO_L29P_0,UNUSED,,0,,,,,,,,,,
H23,,DIFFS,IO_L29N_0,UNUSED,,0,,,,,,,,,,
H24,,DIFFM,IO_L05P_0,UNUSED,,0,,,,,,,,,,
H25,,DIFFS,IO_L05N_0,UNUSED,,0,,,,,,,,,,
H26,,DIFFS,IO_L02N_0,UNUSED,,0,,,,,,,,,,
H27,,,GND,,,,,,,,,,,,,
H28,,DIFFM,IO_L25P_7,UNUSED,,7,,,,,,,,,,
H29,,DIFFS,IO_L24N_7,UNUSED,,7,,,,,,,,,,
H30,,DIFFS,IO_L27N_7,UNUSED,,7,,,,,,,,,,
H31,led<0>,IOB,IO_L43P_7,OUTPUT,LVCMOS33,7,12,SLOW,NONE**,,,LOCATED,,NO,NONE,
H32,led<10>,IOB,IO_L48P_7,OUTPUT,LVCMOS33,7,12,SLOW,NONE**,,,LOCATED,,NO,NONE,
H33,led<16>,IOB,IO_L45P_7/VREF_7,OUTPUT,LVCMOS33,7,12,SLOW,NONE**,,,LOCATED,,NO,NONE,
H34,,,GND,,,,,,,,,,,,,
J1,DQ1<4>,IOB,IO_L45N_2,BIDIR,LVCMOS33,2,12,FAST,NONE**,IFD,,LOCATED,,YES,NONE,
J2,Ai<13>,IOB,IO_L49P_2,OUTPUT,LVCMOS33,2,12,FAST,NONE**,,,LOCATED,,YES,NONE,
J3,DQ1<9>,IOB,IO_L46N_2,BIDIR,LVCMOS33,2,12,FAST,NONE**,IFD,,LOCATED,,YES,NONE,
J4,Ai<14>,IOB,IO_L30N_2,OUTPUT,LVCMOS33,2,12,FAST,NONE**,,,LOCATED,,YES,NONE,
J5,Ai<10>,IOB,IO_L28N_2,OUTPUT,LVCMOS33,2,12,FAST,NONE**,,,LOCATED,,YES,NONE,
J6,Ai<11>,IOB,IO_L27N_2,OUTPUT,LVCMOS33,2,12,FAST,NONE**,,,LOCATED,,YES,NONE,
J7,DQ1<7>,IOB,IO_L21P_2/VREF_2,BIDIR,LVCMOS33,2,12,FAST,NONE**,IFD,,LOCATED,,YES,NONE,
J8,OE_b1,IOB,IO_L20N_2,OUTPUT,LVCMOS33,2,12,FAST,NONE**,,,LOCATED,,NO,NONE,
J9,,DIFFS,IO_L05N_2,UNUSED,,2,,,,,,,,,,
J10,,DIFFM,IO_L05P_1,UNUSED,,1,,,,,,,,,,
J11,MictorObenLinks_evenPOD<3>,IOB,IO_L20P_1,OUTPUT,LVTTL,1,12,SLOW,NONE**,,,LOCATED,,NO,NONE,
J12,,DIFFS,IO_L20N_1,UNUSED,,1,,,,,,,,,,
J13,,DIFFS,IO_L26N_1,UNUSED,,1,,,,,,,,,,
J14,,DIFFM,IO_L71P_1,UNUSED,,1,,,,,,,,,,
J15,,DIFFS,IO_L71N_1,UNUSED,,1,,,,,,,,,,
J16,,,GND,,,,,,,,,,,,,
J17,,DIFFS,IO_L83N_1,UNUSED,,1,,,,,,,,,,
J18,,DIFFM,IO_L95P_0/GCLK6S,UNUSED,,0,,,,,,,,,,
J19,,,GND,,,,,,,,,,,,,
J20,,DIFFS,IO_L77N_0,UNUSED,,0,,,,,,,,,,
J21,,DIFFM,IO_L50P_0,UNUSED,,0,,,,,,,,,,
J22,,DIFFS,IO_L50N_0,UNUSED,,0,,,,,,,,,,
J23,,DIFFM,IO_L20P_0,UNUSED,,0,,,,,,,,,,
J24,,DIFFS,IO_L20N_0,UNUSED,,0,,,,,,,,,,
J25,,DIFFS,IO_L02N_7/VRP_7,UNUSED,,7,,,,,,,,,,
J26,,DIFFS,IO_L20N_7,UNUSED,,7,,,,,,,,,,
J27,,DIFFS,IO_L21N_7,UNUSED,,7,,,,,,,,,,
J28,,DIFFM,IO_L21P_7/VREF_7,UNUSED,,7,,,,,,,,,,
J29,,DIFFS,IO_L25N_7,UNUSED,,7,,,,,,,,,,
J30,,DIFFM,IO_L27P_7/VREF_7,UNUSED,,7,,,,,,,,,,
J31,led<1>,IOB,IO_L43N_7,OUTPUT,LVCMOS33,7,12,SLOW,NONE**,,,LOCATED,,NO,NONE,
J32,led<11>,IOB,IO_L48N_7,OUTPUT,LVCMOS33,7,12,SLOW,NONE**,,,LOCATED,,NO,NONE,
J33,led<17>,IOB,IO_L46P_7,OUTPUT,LVCMOS33,7,12,SLOW,NONE**,,,LOCATED,,NO,NONE,
J34,led<28>,IOB,IO_L45N_7,OUTPUT,LVCMOS33,7,12,SLOW,NONE**,,,LOCATED,,NO,NONE,
K1,,,VCCO_2,,,2,,,,,3.30,,,,,
K2,Ai<9>,IOB,IO_L49N_2,OUTPUT,LVCMOS33,2,12,FAST,NONE**,,,LOCATED,,YES,NONE,
K3,,,GND,,,,,,,,,,,,,
K4,DQ1<5>,IOB,IO_L53P_2,BIDIR,LVCMOS33,2,12,FAST,NONE**,IFD,,LOCATED,,YES,NONE,
K5,Ai<8>,IOB,IO_L48P_2,OUTPUT,LVCMOS33,2,12,FAST,NONE**,,,LOCATED,,YES,NONE,
K6,DQ1<6>,IOB,IO_L27P_2/VREF_2,BIDIR,LVCMOS33,2,12,FAST,NONE**,IFD,,LOCATED,,YES,NONE,
K7,Ai<6>,IOB,IO_L29P_2,OUTPUT,LVCMOS33,2,12,FAST,NONE**,,,LOCATED,,YES,NONE,
K8,BLE_b1,IOB,IO_L20P_2,OUTPUT,LVCMOS33,2,12,FAST,NONE**,,,LOCATED,,NO,NONE,
K9,Ai<4>,IOB,IO_L05P_2,OUTPUT,LVCMOS33,2,12,FAST,NONE**,,,LOCATED,,YES,NONE,
K10,,DIFFM,IO_L02P_2/VRN_2,UNUSED,,2,,,,,,,,,,
K11,,DIFFS,IO_L02N_2/VRP_2,UNUSED,,2,,,,,,,,,,
K12,,DIFFM,IO_L26P_1,UNUSED,,1,,,,,,,,,,
K13,,DIFFM,IO_L50P_1,UNUSED,,1,,,,,,,,,,
K14,,DIFFS,IO_L50N_1,UNUSED,,1,,,,,,,,,,
K15,,DIFFM,IO_L77P_1,UNUSED,,1,,,,,,,,,,
K16,,DIFFS,IO_L77N_1,UNUSED,,1,,,,,,,,,,
K17,,DIFFM,IO_L83P_1,UNUSED,,1,,,,,,,,,,
K18,,DIFFS,IO_L95N_0/GCLK7P,UNUSED,,0,,,,,,,,,,
K19,,DIFFM,IO_L77P_0,UNUSED,,0,,,,,,,,,,
K20,,DIFFM,IO_L71P_0,UNUSED,,0,,,,,,,,,,
K21,,DIFFS,IO_L71N_0,UNUSED,,0,,,,,,,,,,
K22,,DIFFM,IO_L23P_0,UNUSED,,0,,,,,,,,,,
K23,,DIFFS,IO_L23N_0,UNUSED,,0,,,,,,,,,,
K24,,DIFFS,IO_L05N_7,UNUSED,,7,,,,,,,,,,
K25,,DIFFM,IO_L02P_7/VRN_7,UNUSED,,7,,,,,,,,,,
K26,,DIFFS,IO_L23N_7,UNUSED,,7,,,,,,,,,,
K27,,DIFFM,IO_L20P_7,UNUSED,,7,,,,,,,,,,
K28,,DIFFM,IO_L26P_7,UNUSED,,7,,,,,,,,,,
K29,,DIFFM,IO_L53P_7,UNUSED,,7,,,,,,,,,,
K30,,DIFFM,IO_L49P_7,UNUSED,,7,,,,,,,,,,
K31,led<2>,IOB,IO_L49N_7,OUTPUT,LVCMOS33,7,12,SLOW,NONE**,,,LOCATED,,NO,NONE,
K32,,,GND,,,,,,,,,,,,,
K33,led<18>,IOB,IO_L46N_7,OUTPUT,LVCMOS33,7,12,SLOW,NONE**,,,LOCATED,,NO,NONE,
K34,,,VCCO_7,,,7,,,,,3.30,,,,,
L1,BHE_b1,IOB,IO_L73P_2,OUTPUT,LVCMOS33,2,12,FAST,NONE**,,,LOCATED,,NO,NONE,
L2,Ai<3>,IOB,IO_L67P_2,OUTPUT,LVCMOS33,2,12,FAST,NONE**,,,LOCATED,,YES,NONE,
L3,Ai<5>,IOB,IO_L52P_2,OUTPUT,LVCMOS33,2,12,FAST,NONE**,,,LOCATED,,YES,NONE,
L4,Ai<2>,IOB,IO_L53N_2,OUTPUT,LVCMOS33,2,12,FAST,NONE**,,,LOCATED,,YES,NONE,
L5,DQ1<8>,IOB,IO_L48N_2,BIDIR,LVCMOS33,2,12,FAST,NONE**,IFD,,LOCATED,,YES,NONE,
L6,Ai<1>,IOB,IO_L51N_2,OUTPUT,LVCMOS33,2,12,FAST,NONE**,,,LOCATED,,YES,NONE,
L7,DQ1<15>,IOB,IO_L29N_2,BIDIR,LVCMOS33,2,12,FAST,NONE**,IFD,,LOCATED,,YES,NONE,
L8,Ai<7>,IOB,IO_L44N_2,OUTPUT,LVCMOS33,2,12,FAST,NONE**,,,LOCATED,,YES,NONE,
L9,Ai<0>,IOB,IO_L23P_2,OUTPUT,LVCMOS33,2,12,FAST,NONE**,,,LOCATED,,YES,NONE,
L10,,DIFFS,IO_L23N_2,UNUSED,,2,,,,,,,,,,
L11,,,VCCINT,,,,,,,,1.5,,,,,
L12,,,VCCO_1,,,1,,,,,3.30,,,,,
L13,,,VCCO_1,,,1,,,,,3.30,,,,,
L14,,,VCCO_1,,,1,,,,,3.30,,,,,
L15,,,VCCO_1,,,1,,,,,3.30,,,,,
L16,,DIFFM,IO_L80P_1,UNUSED,,1,,,,,,,,,,
L17,,DIFFS,IO_L80N_1,UNUSED,,1,,,,,,,,,,
L18,,DIFFM,IO_L80P_0,UNUSED,,0,,,,,,,,,,
L19,,DIFFS,IO_L80N_0,UNUSED,,0,,,,,,,,,,
L20,,,VCCO_0,,,0,,,,,3.30,,,,,
L21,,,VCCO_0,,,0,,,,,3.30,,,,,
L22,,,VCCO_0,,,0,,,,,3.30,,,,,
L23,,,VCCO_0,,,0,,,,,3.30,,,,,
L24,,,VCCINT,,,,,,,,1.5,,,,,
L25,,DIFFM,IO_L05P_7,UNUSED,,7,,,,,,,,,,
L26,,DIFFM,IO_L23P_7,UNUSED,,7,,,,,,,,,,
L27,,DIFFS,IO_L44N_7,UNUSED,,7,,,,,,,,,,
L28,,DIFFS,IO_L26N_7,UNUSED,,7,,,,,,,,,,
L29,,DIFFS,IO_L51N_7,UNUSED,,7,,,,,,,,,,
L30,,DIFFS,IO_L53N_7,UNUSED,,7,,,,,,,,,,
L31,led<3>,IOB,IO_L54P_7,OUTPUT,LVCMOS33,7,12,SLOW,NONE**,,,LOCATED,,NO,NONE,
L32,led<12>,IOB,IO_L67P_7,OUTPUT,LVCMOS33,7,12,SLOW,NONE**,,,LOCATED,,NO,NONE,
L33,led<19>,IOB,IO_L52P_7,OUTPUT,LVCMOS33,7,12,SLOW,NONE**,,,LOCATED,,NO,NONE,
L34,led<29>,IOB,IO_L70P_7,OUTPUT,LVCMOS33,7,12,SLOW,NONE**,,,LOCATED,,NO,NONE,
M1,Ai<19>,IOB,IO_L73N_2,OUTPUT,LVCMOS33,2,12,FAST,NONE**,,,LOCATED,,YES,NONE,
M2,Ai<15>,IOB,IO_L67N_2,OUTPUT,LVCMOS33,2,12,FAST,NONE**,,,LOCATED,,YES,NONE,
M3,DQ1<1>,IOB,IO_L52N_2,BIDIR,LVCMOS33,2,12,FAST,NONE**,IFD,,LOCATED,,YES,NONE,
M4,Ai<16>,IOB,IO_L54P_2,OUTPUT,LVCMOS33,2,12,FAST,NONE**,,,LOCATED,,YES,NONE,
M5,,,GND,,,,,,,,,,,,,
M6,DQ1<2>,IOB,IO_L51P_2/VREF_2,BIDIR,LVCMOS33,2,12,FAST,NONE**,IFD,,LOCATED,,YES,NONE,
M7,Ai<18>,IOB,IO_L50P_2,OUTPUT,LVCMOS33,2,12,FAST,NONE**,,,LOCATED,,YES,NONE,
M8,DQ1<3>,IOB,IO_L44P_2,BIDIR,LVCMOS33,2,12,FAST,NONE**,IFD,,LOCATED,,YES,NONE,
M9,DQ1<0>,IOB,IO_L47N_2,BIDIR,LVCMOS33,2,12,FAST,NONE**,IFD,,LOCATED,,YES,NONE,
M10,,DIFFS,IO_L26N_2,UNUSED,,2,,,,,,,,,,
M11,,,VCCO_2,,,2,,,,,3.30,,,,,
M12,,,VCCINT,,,,,,,,1.5,,,,,
M13,,,VCCO_1,,,1,,,,,3.30,,,,,
M14,,,VCCO_1,,,1,,,,,3.30,,,,,
M15,,,VCCO_1,,,1,,,,,3.30,,,,,
M16,,,VCCO_1,,,1,,,,,3.30,,,,,
M17,,,VCCO_1,,,1,,,,,3.30,,,,,
M18,,,VCCO_0,,,0,,,,,3.30,,,,,
M19,,,VCCO_0,,,0,,,,,3.30,,,,,
M20,,,VCCO_0,,,0,,,,,3.30,,,,,
M21,,,VCCO_0,,,0,,,,,3.30,,,,,
M22,,,VCCO_0,,,0,,,,,3.30,,,,,
M23,,,VCCINT,,,,,,,,1.5,,,,,
M24,,,VCCO_7,,,7,,,,,3.30,,,,,
M25,,DIFFS,IO_L29N_7,UNUSED,,7,,,,,,,,,,
M26,,DIFFS,IO_L47N_7,UNUSED,,7,,,,,,,,,,
M27,,DIFFM,IO_L44P_7,UNUSED,,7,,,,,,,,,,
M28,,DIFFM,IO_L50P_7,UNUSED,,7,,,,,,,,,,
M29,,DIFFM,IO_L51P_7/VREF_7,UNUSED,,7,,,,,,,,,,
M30,,,GND,,,,,,,,,,,,,
M31,led<4>,IOB,IO_L54N_7,OUTPUT,LVCMOS33,7,12,SLOW,NONE**,,,LOCATED,,NO,NONE,
M32,led<13>,IOB,IO_L67N_7,OUTPUT,LVCMOS33,7,12,SLOW,NONE**,,,LOCATED,,NO,NONE,
M33,led<20>,IOB,IO_L52N_7,OUTPUT,LVCMOS33,7,12,SLOW,NONE**,,,LOCATED,,NO,NONE,
M34,led<30>,IOB,IO_L70N_7,OUTPUT,LVCMOS33,7,12,SLOW,NONE**,,,LOCATED,,NO,NONE,
N1,,DIFFM,IO_L79P_2,UNUSED,,2,,,,,,,,,,
N2,WE_b1,IOB,IO_L75P_2/VREF_2,OUTPUT,LVCMOS33,2,12,FAST,NONE**,,,LOCATED,,NO,NONE,
N3,DQ1<14>,IOB,IO_L72P_2,BIDIR,LVCMOS33,2,12,FAST,NONE**,IFD,,LOCATED,,YES,NONE,
N4,DQ1<13>,IOB,IO_L54N_2,BIDIR,LVCMOS33,2,12,FAST,NONE**,IFD,,LOCATED,,YES,NONE,
N5,DQ1<12>,IOB,IO_L70P_2,BIDIR,LVCMOS33,2,12,FAST,NONE**,IFD,,LOCATED,,YES,NONE,
N6,Ai<17>,IOB,IO_L69N_2,OUTPUT,LVCMOS33,2,12,FAST,NONE**,,,LOCATED,,YES,NONE,
N7,,DIFFS,IO_L50N_2,UNUSED,,2,,,,,,,,,,
N8,,DIFFS,IO_L68N_2,UNUSED,,2,,,,,,,,,,
N9,,DIFFM,IO_L47P_2,UNUSED,,2,,,,,,,,,,
N10,,DIFFM,IO_L26P_2,UNUSED,,2,,,,,,,,,,
N11,,,VCCO_2,,,2,,,,,3.30,,,,,
N12,,,VCCO_2,,,2,,,,,3.30,,,,,
N13,,,VCCINT,,,,,,,,1.5,,,,,
N14,,,VCCINT,,,,,,,,1.5,,,,,
N15,,,VCCINT,,,,,,,,1.5,,,,,
N16,,,VCCINT,,,,,,,,1.5,,,,,
N17,,,VCCINT,,,,,,,,1.5,,,,,
N18,,,VCCINT,,,,,,,,1.5,,,,,
N19,,,VCCINT,,,,,,,,1.5,,,,,
N20,,,VCCINT,,,,,,,,1.5,,,,,
N21,,,VCCINT,,,,,,,,1.5,,,,,
N22,,,VCCINT,,,,,,,,1.5,,,,,
N23,,,VCCO_7,,,7,,,,,3.30,,,,,
N24,,,VCCO_7,,,7,,,,,3.30,,,,,
N25,,DIFFM,IO_L29P_7,UNUSED,,7,,,,,,,,,,
N26,,DIFFM,IO_L47P_7,UNUSED,,7,,,,,,,,,,
N27,,DIFFS,IO_L68N_7,UNUSED,,7,,,,,,,,,,
N28,,DIFFS,IO_L50N_7,UNUSED,,7,,,,,,,,,,
N29,,DIFFS,IO_L69N_7,UNUSED,,7,,,,,,,,,,
N30,,DIFFM,IO_L72P_7,UNUSED,,7,,,,,,,,,,
N31,led<5>,IOB,IO_L73P_7,OUTPUT,LVCMOS33,7,12,SLOW,NONE**,,,LOCATED,,NO,NONE,
N32,led<14>,IOB,IO_L78P_7,OUTPUT,LVCMOS33,7,12,SLOW,NONE**,,,LOCATED,,NO,NONE,
N33,led<21>,IOB,IO_L76P_7,OUTPUT,LVCMOS33,7,12,SLOW,NONE**,,,LOCATED,,NO,NONE,
N34,,DIFFM,IO_L81P_7/VREF_7,UNUSED,,7,,,,,,,,,,
P1,,DIFFS,IO_L79N_2,UNUSED,,2,,,,,,,,,,
P2,,DIFFS,IO_L75N_2,UNUSED,,2,,,,,,,,,,
P3,,DIFFS,IO_L72N_2,UNUSED,,2,,,,,,,,,,
P4,,DIFFM,IO_L76P_2,UNUSED,,2,,,,,,,,,,
P5,,DIFFS,IO_L70N_2,UNUSED,,2,,,,,,,,,,
P6,,DIFFM,IO_L69P_2/VREF_2,UNUSED,,2,,,,,,,,,,
P7,,,GND,,,,,,,,,,,,,
P8,,DIFFM,IO_L68P_2,UNUSED,,2,,,,,,,,,,
P9,,DIFFS,IO_L74N_2,UNUSED,,2,,,,,,,,,,
P10,,DIFFS,IO_L71N_2,UNUSED,,2,,,,,,,,,,
P11,,,VCCO_2,,,2,,,,,3.30,,,,,
P12,,,VCCO_2,,,2,,,,,3.30,,,,,
P13,,,VCCINT,,,,,,,,1.5,,,,,
P14,,,GND,,,,,,,,,,,,,
P15,,,GND,,,,,,,,,,,,,
P16,,,GND,,,,,,,,,,,,,
P17,,,GND,,,,,,,,,,,,,
P18,,,GND,,,,,,,,,,,,,
P19,,,GND,,,,,,,,,,,,,
P20,,,GND,,,,,,,,,,,,,
P21,,,GND,,,,,,,,,,,,,
P22,,,VCCINT,,,,,,,,1.5,,,,,
P23,,,VCCO_7,,,7,,,,,3.30,,,,,
P24,,,VCCO_7,,,7,,,,,3.30,,,,,
P25,,DIFFS,IO_L71N_7,UNUSED,,7,,,,,,,,,,
P26,,DIFFS,IO_L74N_7,UNUSED,,7,,,,,,,,,,
P27,,DIFFM,IO_L68P_7,UNUSED,,7,,,,,,,,,,
P28,,,GND,,,,,,,,,,,,,
P29,,DIFFM,IO_L69P_7/VREF_7,UNUSED,,7,,,,,,,,,,
P30,,DIFFS,IO_L72N_7,UNUSED,,7,,,,,,,,,,
P31,led<6>,IOB,IO_L73N_7,OUTPUT,LVCMOS33,7,12,SLOW,NONE**,,,LOCATED,,NO,NONE,
P32,led<15>,IOB,IO_L78N_7,OUTPUT,LVCMOS33,7,12,SLOW,NONE**,,,LOCATED,,NO,NONE,
P33,led<22>,IOB,IO_L76N_7,OUTPUT,LVCMOS33,7,12,SLOW,NONE**,,,LOCATED,,NO,NONE,
P34,,DIFFS,IO_L81N_7,UNUSED,,7,,,,,,,,,,
R1,,DIFFM,IO_L91P_2,UNUSED,,2,,,,,,,,,,
R2,,,GND,,,,,,,,,,,,,
R3,,DIFFM,IO_L78P_2,UNUSED,,2,,,,,,,,,,
R4,,DIFFS,IO_L76N_2,UNUSED,,2,,,,,,,,,,
R5,,,VCCO_2,,,2,,,,,3.30,,,,,
R6,,DIFFM,IO_L81P_2/VREF_2,UNUSED,,2,,,,,,,,,,
R7,,DIFFS,IO_L81N_2,UNUSED,,2,,,,,,,,,,
R8,,DIFFS,IO_L77N_2,UNUSED,,2,,,,,,,,,,
R9,,DIFFM,IO_L74P_2,UNUSED,,2,,,,,,,,,,
R10,,DIFFM,IO_L71P_2,UNUSED,,2,,,,,,,,,,
R11,,,VCCO_2,,,2,,,,,3.30,,,,,
R12,,,VCCO_2,,,2,,,,,3.30,,,,,
R13,,,VCCINT,,,,,,,,1.5,,,,,
R14,,,GND,,,,,,,,,,,,,
R15,,,GND,,,,,,,,,,,,,
R16,,,GND,,,,,,,,,,,,,
R17,,,GND,,,,,,,,,,,,,
R18,,,GND,,,,,,,,,,,,,
R19,,,GND,,,,,,,,,,,,,
R20,,,GND,,,,,,,,,,,,,
R21,,,GND,,,,,,,,,,,,,
R22,,,VCCINT,,,,,,,,1.5,,,,,
R23,,,VCCO_7,,,7,,,,,3.30,,,,,
R24,,,VCCO_7,,,7,,,,,3.30,,,,,
R25,,DIFFM,IO_L71P_7,UNUSED,,7,,,,,,,,,,
R26,,DIFFM,IO_L74P_7,UNUSED,,7,,,,,,,,,,
R27,,DIFFS,IO_L77N_7,UNUSED,,7,,,,,,,,,,
R28,,DIFFS,IO_L75N_7,UNUSED,,7,,,,,,,,,,
R29,,DIFFM,IO_L75P_7/VREF_7,UNUSED,,7,,,,,,,,,,
R30,,,VCCO_7,,,7,,,,,3.30,,,,,
R31,,DIFFM,IO_L79P_7,UNUSED,,7,,,,,,,,,,
R32,,DIFFM,IO_L84P_7,UNUSED,,7,,,,,,,,,,
R33,,,GND,,,,,,,,,,,,,
R34,,DIFFM,IO_L82P_7,UNUSED,,7,,,,,,,,,,
T1,,,VCCO_2,,,2,,,,,3.30,,,,,
T2,,DIFFS,IO_L91N_2,UNUSED,,2,,,,,,,,,,
T3,,DIFFS,IO_L78N_2,UNUSED,,2,,,,,,,,,,
T4,,DIFFM,IO_L84P_2,UNUSED,,2,,,,,,,,,,
T5,,DIFFM,IO_L82P_2,UNUSED,,2,,,,,,,,,,
T6,,DIFFS,IO_L93N_2,UNUSED,,2,,,,,,,,,,
T7,,DIFFM,IO_L92P_2,UNUSED,,2,,,,,,,,,,
T8,,DIFFM,IO_L77P_2,UNUSED,,2,,,,,,,,,,
T9,,,GND,,,,,,,,,,,,,
T10,,DIFFS,IO_L83N_2,UNUSED,,2,,,,,,,,,,
T11,,DIFFS,IO_L80N_2,UNUSED,,2,,,,,,,,,,
T12,,,VCCO_2,,,2,,,,,3.30,,,,,
T13,,,VCCINT,,,,,,,,1.5,,,,,
T14,,,GND,,,,,,,,,,,,,
T15,,,GND,,,,,,,,,,,,,
T16,,,GND,,,,,,,,,,,,,
T17,,,GND,,,,,,,,,,,,,
T18,,,GND,,,,,,,,,,,,,
T19,,,GND,,,,,,,,,,,,,
T20,,,GND,,,,,,,,,,,,,
T21,,,GND,,,,,,,,,,,,,
T22,,,VCCINT,,,,,,,,1.5,,,,,
T23,,,VCCO_7,,,7,,,,,3.30,,,,,
T24,,DIFFS,IO_L80N_7,UNUSED,,7,,,,,,,,,,
T25,,DIFFS,IO_L83N_7,UNUSED,,7,,,,,,,,,,
T26,,,GND,,,,,,,,,,,,,
T27,,DIFFM,IO_L77P_7,UNUSED,,7,,,,,,,,,,
T28,,DIFFM,IO_L95P_7,UNUSED,,7,,,,,,,,,,
T29,,DIFFS,IO_L93N_7,UNUSED,,7,,,,,,,,,,
T30,,DIFFM,IO_L91P_7,UNUSED,,7,,,,,,,,,,
T31,,DIFFS,IO_L79N_7,UNUSED,,7,,,,,,,,,,
T32,,DIFFS,IO_L84N_7,UNUSED,,7,,,,,,,,,,
T33,,DIFFS,IO_L82N_7,UNUSED,,7,,,,,,,,,,
T34,,,VCCO_7,,,7,,,,,3.30,,,,,
U1,,DIFFS,IO_L94N_2,UNUSED,,2,,,,,,,,,,
U2,,DIFFM,IO_L94P_2,UNUSED,,2,,,,,,,,,,
U3,,DIFFS,IO_L96N_2,UNUSED,,2,,,,,,,,,,
U4,,DIFFS,IO_L84N_2,UNUSED,,2,,,,,,,,,,
U5,,DIFFS,IO_L82N_2,UNUSED,,2,,,,,,,,,,
U6,,DIFFM,IO_L93P_2/VREF_2,UNUSED,,2,,,,,,,,,,
U7,,DIFFS,IO_L92N_2,UNUSED,,2,,,,,,,,,,
U8,,DIFFM,IO_L95P_2,UNUSED,,2,,,,,,,,,,
U9,,DIFFS,IO_L95N_2,UNUSED,,2,,,,,,,,,,
U10,,DIFFM,IO_L83P_2,UNUSED,,2,,,,,,,,,,
U11,,DIFFM,IO_L80P_2,UNUSED,,2,,,,,,,,,,
U12,,,VCCO_2,,,2,,,,,3.30,,,,,
U13,,,VCCINT,,,,,,,,1.5,,,,,
U14,,,GND,,,,,,,,,,,,,
U15,,,GND,,,,,,,,,,,,,
U16,,,GND,,,,,,,,,,,,,
U17,,,GND,,,,,,,,,,,,,
U18,,,GND,,,,,,,,,,,,,
U19,,,GND,,,,,,,,,,,,,
U20,,,GND,,,,,,,,,,,,,
U21,,,GND,,,,,,,,,,,,,
U22,,,VCCINT,,,,,,,,1.5,,,,,
U23,,,VCCO_7,,,7,,,,,3.30,,,,,
U24,,DIFFM,IO_L80P_7,UNUSED,,7,,,,,,,,,,
U25,,DIFFM,IO_L83P_7,UNUSED,,7,,,,,,,,,,
U26,,DIFFS,IO_L92N_7,UNUSED,,7,,,,,,,,,,
U27,,DIFFM,IO_L92P_7,UNUSED,,7,,,,,,,,,,
U28,,DIFFS,IO_L95N_7,UNUSED,,7,,,,,,,,,,
U29,,DIFFM,IO_L93P_7/VREF_7,UNUSED,,7,,,,,,,,,,
U30,,DIFFS,IO_L91N_7,UNUSED,,7,,,,,,,,,,
U31,led<7>,IOB,IO_L96P_7,OUTPUT,LVCMOS33,7,12,SLOW,NONE**,,,LOCATED,,NO,NONE,
U32,,,VCCAUX,,,,,,,,3.3,,,,,
U33,led<23>,IOB,IO_L94P_7,OUTPUT,LVCMOS33,7,12,SLOW,NONE**,,,LOCATED,,NO,NONE,
U34,led<31>,IOB,IO_L94N_7,OUTPUT,LVCMOS33,7,12,SLOW,NONE**,,,LOCATED,,NO,NONE,
V1,,DIFFS,IO_L92N_3,UNUSED,,3,,,,,,,,,,
V2,,DIFFM,IO_L92P_3,UNUSED,,3,,,,,,,,,,
V3,,,VCCAUX,,,,,,,,3.3,,,,,
V4,,DIFFM,IO_L96P_2,UNUSED,,2,,,,,,,,,,
V5,,DIFFS,IO_L95N_3,UNUSED,,3,,,,,,,,,,
V6,,DIFFS,IO_L96N_3,UNUSED,,3,,,,,,,,,,
V7,,DIFFS,IO_L94N_3,UNUSED,,3,,,,,,,,,,
V8,,DIFFM,IO_L84P_3,UNUSED,,3,,,,,,,,,,
V9,,DIFFS,IO_L84N_3,UNUSED,,3,,,,,,,,,,
V10,,DIFFS,IO_L93N_3/VREF_3,UNUSED,,3,,,,,,,,,,
V11,,DIFFM,IO_L82P_3,UNUSED,,3,,,,,,,,,,
V12,,,VCCO_3,,,3,,,,,3.30,,,,,
V13,,,VCCINT,,,,,,,,1.5,,,,,
V14,,,GND,,,,,,,,,,,,,
V15,,,GND,,,,,,,,,,,,,
V16,,,GND,,,,,,,,,,,,,
V17,,,GND,,,,,,,,,,,,,
V18,,,GND,,,,,,,,,,,,,
V19,,,GND,,,,,,,,,,,,,
V20,,,GND,,,,,,,,,,,,,
V21,,,GND,,,,,,,,,,,,,
V22,,,VCCINT,,,,,,,,1.5,,,,,
V23,,,VCCO_6,,,6,,,,,3.30,,,,,
V24,,DIFFS,IO_L79N_6,UNUSED,,6,,,,,,,,,,
V25,,DIFFS,IO_L82N_6,UNUSED,,6,,,,,,,,,,
V26,,DIFFM,IO_L94P_6,UNUSED,,6,,,,,,,,,,
V27,,DIFFS,IO_L94N_6,UNUSED,,6,,,,,,,,,,
V28,,DIFFS,IO_L91N_6,UNUSED,,6,,,,,,,,,,
V29,,DIFFS,IO_L84N_6,UNUSED,,6,,,,,,,,,,
V30,,DIFFS,IO_L95N_6,UNUSED,,6,,,,,,,,,,
V31,,DIFFS,IO_L96N_7,UNUSED,,7,,,,,,,,,,
V32,dip<8>,IOB,IO_L96P_6,INPUT,LVCMOS33,6,,,PULLDOWN,NONE,,LOCATED,,NO,NONE,
V33,dip<16>,IOB,IO_L92P_6,INPUT,LVCMOS33,6,,,PULLDOWN,NONE,,LOCATED,,NO,NONE,
V34,dip<24>,IOB,IO_L92N_6,INPUT,LVCMOS33,6,,,PULLDOWN,NONE,,LOCATED,,NO,NONE,
W1,,,VCCO_3,,,3,,,,,3.30,,,,,
W2,,DIFFS,IO_L80N_3,UNUSED,,3,,,,,,,,,,
W3,,DIFFS,IO_L91N_3,UNUSED,,3,,,,,,,,,,
W4,,DIFFS,IO_L83N_3,UNUSED,,3,,,,,,,,,,
W5,,DIFFM,IO_L95P_3,UNUSED,,3,,,,,,,,,,
W6,,DIFFM,IO_L96P_3,UNUSED,,3,,,,,,,,,,
W7,,DIFFM,IO_L94P_3,UNUSED,,3,,,,,,,,,,
W8,,DIFFS,IO_L81N_3/VREF_3,UNUSED,,3,,,,,,,,,,
W9,,,GND,,,,,,,,,,,,,
W10,,DIFFM,IO_L93P_3,UNUSED,,3,,,,,,,,,,
W11,,DIFFS,IO_L82N_3,UNUSED,,3,,,,,,,,,,
W12,,,VCCO_3,,,3,,,,,3.30,,,,,
W13,,,VCCINT,,,,,,,,1.5,,,,,
W14,,,GND,,,,,,,,,,,,,
W15,,,GND,,,,,,,,,,,,,
W16,,,GND,,,,,,,,,,,,,
W17,,,GND,,,,,,,,,,,,,
W18,,,GND,,,,,,,,,,,,,
W19,,,GND,,,,,,,,,,,,,
W20,,,GND,,,,,,,,,,,,,
W21,,,GND,,,,,,,,,,,,,
W22,,,VCCINT,,,,,,,,1.5,,,,,
W23,,,VCCO_6,,,6,,,,,3.30,,,,,
W24,,DIFFM,IO_L79P_6,UNUSED,,6,,,,,,,,,,
W25,,DIFFM,IO_L82P_6,UNUSED,,6,,,,,,,,,,
W26,,,GND,,,,,,,,,,,,,
W27,,DIFFS,IO_L73N_6,UNUSED,,6,,,,,,,,,,
W28,,DIFFM,IO_L91P_6,UNUSED,,6,,,,,,,,,,
W29,,DIFFM,IO_L84P_6,UNUSED,,6,,,,,,,,,,
W30,,DIFFM,IO_L95P_6,UNUSED,,6,,,,,,,,,,
W31,dip<0>,IOB,IO_L93N_6/VREF_6,INPUT,LVCMOS33,6,,,PULLDOWN,NONE,,LOCATED,,NO,NONE,
W32,dip<9>,IOB,IO_L96N_6,INPUT,LVCMOS33,6,,,PULLDOWN,NONE,,LOCATED,,NO,NONE,
W33,,DIFFM,IO_L81P_6,UNUSED,,6,,,,,,,,,,
W34,,,VCCO_6,,,6,,,,,3.30,,,,,
Y1,,DIFFM,IO_L80P_3,UNUSED,,3,,,,,,,,,,
Y2,,,GND,,,,,,,,,,,,,
Y3,,DIFFM,IO_L91P_3,UNUSED,,3,,,,,,,,,,
Y4,,DIFFM,IO_L83P_3,UNUSED,,3,,,,,,,,,,
Y5,,,VCCO_3,,,3,,,,,3.30,,,,,
Y6,,DIFFS,IO_L78N_3,UNUSED,,3,,,,,,,,,,
Y7,,DIFFS,IO_L76N_3,UNUSED,,3,,,,,,,,,,
Y8,,DIFFM,IO_L81P_3,UNUSED,,3,,,,,,,,,,
Y9,,DIFFM,IO_L72P_3,UNUSED,,3,,,,,,,,,,
Y10,,DIFFS,IO_L75N_3/VREF_3,UNUSED,,3,,,,,,,,,,
Y11,,,VCCO_3,,,3,,,,,3.30,,,,,
Y12,,,VCCO_3,,,3,,,,,3.30,,,,,
Y13,,,VCCINT,,,,,,,,1.5,,,,,
Y14,,,GND,,,,,,,,,,,,,
Y15,,,GND,,,,,,,,,,,,,
Y16,,,GND,,,,,,,,,,,,,
Y17,,,GND,,,,,,,,,,,,,
Y18,,,GND,,,,,,,,,,,,,
Y19,,,GND,,,,,,,,,,,,,
Y20,,,GND,,,,,,,,,,,,,
Y21,,,GND,,,,,,,,,,,,,
Y22,,,VCCINT,,,,,,,,1.5,,,,,
Y23,,,VCCO_6,,,6,,,,,3.30,,,,,
Y24,,,VCCO_6,,,6,,,,,3.30,,,,,
Y25,,DIFFS,IO_L67N_6,UNUSED,,6,,,,,,,,,,
Y26,,DIFFS,IO_L70N_6,UNUSED,,6,,,,,,,,,,
Y27,,DIFFM,IO_L73P_6,UNUSED,,6,,,,,,,,,,
Y28,,DIFFM,IO_L76P_6,UNUSED,,6,,,,,,,,,,
Y29,,DIFFS,IO_L76N_6,UNUSED,,6,,,,,,,,,,
Y30,,,VCCO_6,,,6,,,,,3.30,,,,,
Y31,dip<1>,IOB,IO_L93P_6,INPUT,LVCMOS33,6,,,PULLDOWN,NONE,,LOCATED,,NO,NONE,
Y32,,DIFFM,IO_L83P_6,UNUSED,,6,,,,,,,,,,
Y33,,,GND,,,,,,,,,,,,,
Y34,,DIFFS,IO_L81N_6/VREF_6,UNUSED,,6,,,,,,,,,,

# -----,-----,-----,-----,-----,-----,-----,-----,-----,-----,-----,-----,-----,-----,-----,-----,
# 
#* Default value.
#** This default Pullup/Pulldown value can be overridden in Bitgen. 
#****** Special VCCO requirements may apply. Please consult the device 
#       family datasheet for specific guideline on VCCO requirements. 
#
#
#