<?xml version="1.0" encoding="UTF-8"?>
<!-- IMPORTANT: This is an internal file that has been generated
     by the Xilinx ISE software.  Any direct editing or
     changes made to this file may result in unpredictable
     behavior or data corruption.  It is strongly advised that
     users do not edit the contents of this file. -->
<DeviceUsageSummary rev="2">
<DesignStatistics TimeStamp="Thu Jun 25 20:09:09 2009"><group name="NetStatistics">
<item name="NumNets_Active" rev="2">
<attrib name="value" value="16879"/></item>
<item name="NumNets_Gnd" rev="2">
<attrib name="value" value="1"/></item>
<item name="NumNets_Vcc" rev="2">
<attrib name="value" value="1"/></item>
<item name="NumNodesOfType_Active_BRAMADDR" rev="2">
<attrib name="value" value="1377"/></item>
<item name="NumNodesOfType_Active_BRAMDUMMY" rev="2">
<attrib name="value" value="1145"/></item>
<item name="NumNodesOfType_Active_CLKPIN" rev="2">
<attrib name="value" value="3276"/></item>
<item name="NumNodesOfType_Active_CNTRLPIN" rev="2">
<attrib name="value" value="5036"/></item>
<item name="NumNodesOfType_Active_DOUBLE" rev="2">
<attrib name="value" value="41167"/></item>
<item name="NumNodesOfType_Active_DUMMY" rev="2">
<attrib name="value" value="34031"/></item>
<item name="NumNodesOfType_Active_DUMMYBANK" rev="2">
<attrib name="value" value="1305"/></item>
<item name="NumNodesOfType_Active_DUMMYESC" rev="2">
<attrib name="value" value="77"/></item>
<item name="NumNodesOfType_Active_GLOBAL" rev="2">
<attrib name="value" value="714"/></item>
<item name="NumNodesOfType_Active_HFULLHEX" rev="2">
<attrib name="value" value="777"/></item>
<item name="NumNodesOfType_Active_HLONG" rev="2">
<attrib name="value" value="411"/></item>
<item name="NumNodesOfType_Active_HUNIHEX" rev="2">
<attrib name="value" value="9929"/></item>
<item name="NumNodesOfType_Active_INPUT" rev="2">
<attrib name="value" value="45885"/></item>
<item name="NumNodesOfType_Active_IOBOUTPUT" rev="2">
<attrib name="value" value="143"/></item>
<item name="NumNodesOfType_Active_OMUX" rev="2">
<attrib name="value" value="10243"/></item>
<item name="NumNodesOfType_Active_OUTPUT" rev="2">
<attrib name="value" value="16398"/></item>
<item name="NumNodesOfType_Active_PREBXBY" rev="2">
<attrib name="value" value="10565"/></item>
<item name="NumNodesOfType_Active_VFULLHEX" rev="2">
<attrib name="value" value="3309"/></item>
<item name="NumNodesOfType_Active_VLONG" rev="2">
<attrib name="value" value="601"/></item>
<item name="NumNodesOfType_Active_VUNIHEX" rev="2">
<attrib name="value" value="5270"/></item>
<item name="NumNodesOfType_Gnd_BRAMADDR" rev="2">
<attrib name="value" value="18"/></item>
<item name="NumNodesOfType_Gnd_BRAMDUMMY" rev="2">
<attrib name="value" value="151"/></item>
<item name="NumNodesOfType_Gnd_CNTRLPIN" rev="2">
<attrib name="value" value="164"/></item>
<item name="NumNodesOfType_Gnd_DOUBLE" rev="2">
<attrib name="value" value="219"/></item>
<item name="NumNodesOfType_Gnd_DUMMY" rev="2">
<attrib name="value" value="145"/></item>
<item name="NumNodesOfType_Gnd_DUMMYBANK" rev="2">
<attrib name="value" value="35"/></item>
<item name="NumNodesOfType_Gnd_HUNIHEX" rev="2">
<attrib name="value" value="1"/></item>
<item name="NumNodesOfType_Gnd_INPUT" rev="2">
<attrib name="value" value="409"/></item>
<item name="NumNodesOfType_Gnd_OMUX" rev="2">
<attrib name="value" value="237"/></item>
<item name="NumNodesOfType_Gnd_OUTPUT" rev="2">
<attrib name="value" value="177"/></item>
<item name="NumNodesOfType_Gnd_PREBXBY" rev="2">
<attrib name="value" value="114"/></item>
<item name="NumNodesOfType_Gnd_VFULLHEX" rev="2">
<attrib name="value" value="58"/></item>
<item name="NumNodesOfType_Gnd_VUNIHEX" rev="2">
<attrib name="value" value="3"/></item>
<item name="NumNodesOfType_Vcc_CLKPIN" rev="2">
<attrib name="value" value="1"/></item>
<item name="NumNodesOfType_Vcc_CNTRLPIN" rev="2">
<attrib name="value" value="98"/></item>
<item name="NumNodesOfType_Vcc_DUMMY" rev="2">
<attrib name="value" value="464"/></item>
<item name="NumNodesOfType_Vcc_DUMMYBANK" rev="2">
<attrib name="value" value="5"/></item>
<item name="NumNodesOfType_Vcc_INPUT" rev="2">
<attrib name="value" value="516"/></item>
<item name="NumNodesOfType_Vcc_PREBXBY" rev="2">
<attrib name="value" value="50"/></item>
<item name="NumNodesOfType_Vcc_VCCOUT" rev="2">
<attrib name="value" value="146"/></item>
</group>
<group name="MiscellaneousStatistics">
<item name="AVG_LUT_FAN_IN" rev="1">
<attrib name="value" value="3.450400"/></item>
<item name="AVG_SIG_FANOUT" rev="1">
<attrib name="value" value="2.490000"/></item>
<item name="FOUR_LOAD_SIG" rev="1">
<attrib name="value" value="128"/></item>
<item name="LUT" rev="1">
<attrib name="value" value="9630"/></item>
<item name="MAX_SIG_FANOUT" rev="1">
<attrib name="value" value="427"/></item>
<item name="PK_NUM_4_INPUT_LUTS" rev="1">
<attrib name="value" value="9630"/></item>
<item name="PK_NUM_4_INPUT_LUT_RTS" rev="1">
<attrib name="value" value="455"/></item>
<item name="PK_NUM_BONDED_IOBS" rev="1">
<attrib name="value" value="312"/></item>
<item name="PK_NUM_CARRY_SKIP" rev="1">
<attrib name="value" value="3"/></item>
<item name="PK_NUM_CYINIT" rev="1">
<attrib name="value" value="429"/></item>
<item name="PK_NUM_CYMUX" rev="1">
<attrib name="value" value="802"/></item>
<item name="PK_NUM_DYNAMIC_SHIFTS" rev="1">
<attrib name="value" value="55"/></item>
<item name="PK_NUM_EQUIV_GATES" rev="1">
<attrib name="value" value="5"/></item>
<item name="PK_NUM_IOB_FFS" rev="1">
<attrib name="value" value="183"/></item>
<item name="PK_NUM_JTAG_GATES" rev="1">
<attrib name="value" value="312"/></item>
<item name="PK_NUM_LUTLESS_IOB_FFS" rev="1">
<attrib name="value" value="114"/></item>
<item name="PK_NUM_LUTLESS_SLICE_FFS" rev="1">
<attrib name="value" value="1684"/></item>
<item name="PK_NUM_LUTLESS_SLICE_LATS" rev="1">
<attrib name="value" value="14"/></item>
<item name="PK_NUM_MULTANDS" rev="1">
<attrib name="value" value="3"/></item>
<item name="PK_NUM_MUXF5" rev="1">
<attrib name="value" value="1965"/></item>
<item name="PK_NUM_MUXF6" rev="1">
<attrib name="value" value="671"/></item>
<item name="PK_NUM_MUXF7" rev="1">
<attrib name="value" value="328"/></item>
<item name="PK_NUM_MUXF8" rev="1">
<attrib name="value" value="163"/></item>
<item name="PK_NUM_MUXFS" rev="1">
<attrib name="value" value="3127"/></item>
<item name="PK_NUM_RPM_MACROS" rev="1">
<attrib name="value" value="12"/></item>
<item name="PK_NUM_SHIFTS" rev="1">
<attrib name="value" value="208"/></item>
<item name="PK_NUM_SLICES" rev="1">
<attrib name="value" value="6196"/></item>
<item name="PK_NUM_SLICE_FFS" rev="1">
<attrib name="value" value="4637"/></item>
<item name="PK_NUM_SLICE_LATS" rev="1">
<attrib name="value" value="14"/></item>
<item name="PK_NUM_STATIC_SHIFTS" rev="1">
<attrib name="value" value="153"/></item>
<item name="PK_NUM_TOTAL_LUTLESS_REGISTERS" rev="1">
<attrib name="value" value="1812"/></item>
<item name="PK_NUM_XOR" rev="1">
<attrib name="value" value="513"/></item>
<item name="PK_NUM_XV2_BLOCKRAMS" rev="1">
<attrib name="value" value="82"/></item>
<item name="PK_NUM_XV2_BSCANS" rev="1">
<attrib name="value" value="1"/></item>
<item name="PK_NUM_XV2_DCMS" rev="1">
<attrib name="value" value="1"/></item>
<item name="PK_NUM_XV2_GCLKS" rev="1">
<attrib name="value" value="7"/></item>
<item name="SINGLE_LOAD_SIG" rev="1">
<attrib name="value" value="8223"/></item>
<item name="THREE_LOAD_SIG" rev="1">
<attrib name="value" value="219"/></item>
<item name="TWO_LOAD_SIG" rev="1">
<attrib name="value" value="582"/></item>
<item name="Xilinx Core blkmemsp_v6_2, Coregen 8.1.03i" rev="1">
<attrib name="value" value="2"/></item>
<item name="Xilinx Core fifo_generator_v2_1, Coregen 8.1.03i" rev="1">
<attrib name="value" value="10"/></item>
<item name="Xilinx Core null" rev="1">
<attrib name="value" value="7"/></item>
</group>
</DesignStatistics>
<DeviceUsage TimeStamp="Thu Jun 25 20:09:09 2009"><group name="SiteSummary">
<item name="BSCAN" rev="2">
<attrib name="total" value="1000000"/><attrib name="used" value="1"/></item>
<item name="BSCAN_BSCAN_BLACKBOX" rev="2">
<attrib name="total" value="1000000"/><attrib name="used" value="1"/></item>
<item name="BUFGMUX" rev="2">
<attrib name="total" value="1000000"/><attrib name="used" value="7"/></item>
<item name="BUFGMUX_GCLKMUX" rev="2">
<attrib name="total" value="1000000"/><attrib name="used" value="7"/></item>
<item name="BUFGMUX_GCLK_BUFFER" rev="2">
<attrib name="total" value="1000000"/><attrib name="used" value="7"/></item>
<item name="DCM" rev="2">
<attrib name="total" value="1000000"/><attrib name="used" value="1"/></item>
<item name="DCM_DCM" rev="2">
<attrib name="total" value="1000000"/><attrib name="used" value="1"/></item>
<item name="IOB" rev="2">
<attrib name="total" value="1000000"/><attrib name="used" value="312"/></item>
<item name="IOB_DELAY" rev="2">
<attrib name="total" value="1000000"/><attrib name="used" value="66"/></item>
<item name="IOB_IFF1" rev="2">
<attrib name="total" value="1000000"/><attrib name="used" value="66"/></item>
<item name="IOB_INBUF" rev="2">
<attrib name="total" value="1000000"/><attrib name="used" value="110"/></item>
<item name="IOB_OFF1" rev="2">
<attrib name="total" value="1000000"/><attrib name="used" value="117"/></item>
<item name="IOB_OUTBUF" rev="2">
<attrib name="total" value="1000000"/><attrib name="used" value="274"/></item>
<item name="IOB_PAD" rev="2">
<attrib name="total" value="1000000"/><attrib name="used" value="312"/></item>
<item name="RAMB16" rev="2">
<attrib name="total" value="1000000"/><attrib name="used" value="82"/></item>
<item name="RAMB16_RAMB16" rev="2">
<attrib name="total" value="1000000"/><attrib name="used" value="82"/></item>
<item name="RAMB16_RAMB16A" rev="2">
<attrib name="total" value="1000000"/><attrib name="used" value="82"/></item>
<item name="RAMB16_RAMB16B" rev="2">
<attrib name="total" value="1000000"/><attrib name="used" value="22"/></item>
<item name="SLICE" rev="2">
<attrib name="total" value="1000000"/><attrib name="used" value="6196"/></item>
<item name="SLICE_C1VDD" rev="2">
<attrib name="total" value="1000000"/><attrib name="used" value="99"/></item>
<item name="SLICE_C2VDD" rev="2">
<attrib name="total" value="1000000"/><attrib name="used" value="92"/></item>
<item name="SLICE_CYMUXF" rev="2">
<attrib name="total" value="1000000"/><attrib name="used" value="420"/></item>
<item name="SLICE_CYMUXG" rev="2">
<attrib name="total" value="1000000"/><attrib name="used" value="382"/></item>
<item name="SLICE_F" rev="2">
<attrib name="total" value="1000000"/><attrib name="used" value="5221"/></item>
<item name="SLICE_F5MUX" rev="2">
<attrib name="total" value="1000000"/><attrib name="used" value="1965"/></item>
<item name="SLICE_F6MUX" rev="2">
<attrib name="total" value="1000000"/><attrib name="used" value="1162"/></item>
<item name="SLICE_FAND" rev="2">
<attrib name="total" value="1000000"/><attrib name="used" value="2"/></item>
<item name="SLICE_FFX" rev="2">
<attrib name="total" value="1000000"/><attrib name="used" value="2443"/></item>
<item name="SLICE_FFY" rev="2">
<attrib name="total" value="1000000"/><attrib name="used" value="2208"/></item>
<item name="SLICE_FMC15_BLACKBOX" rev="2">
<attrib name="total" value="1000000"/><attrib name="used" value="27"/></item>
<item name="SLICE_G" rev="2">
<attrib name="total" value="1000000"/><attrib name="used" value="5212"/></item>
<item name="SLICE_GAND" rev="2">
<attrib name="total" value="1000000"/><attrib name="used" value="1"/></item>
<item name="SLICE_GMC15_BLACKBOX" rev="2">
<attrib name="total" value="1000000"/><attrib name="used" value="28"/></item>
<item name="SLICE_GNDF" rev="2">
<attrib name="total" value="1000000"/><attrib name="used" value="316"/></item>
<item name="SLICE_GNDG" rev="2">
<attrib name="total" value="1000000"/><attrib name="used" value="286"/></item>
<item name="SLICE_VDDG" rev="2">
<attrib name="total" value="1000000"/><attrib name="used" value="3"/></item>
<item name="SLICE_WSGEN" rev="2">
<attrib name="total" value="1000000"/><attrib name="used" value="107"/></item>
<item name="SLICE_XORF" rev="2">
<attrib name="total" value="1000000"/><attrib name="used" value="255"/></item>
<item name="SLICE_XORG" rev="2">
<attrib name="total" value="1000000"/><attrib name="used" value="258"/></item>
<item name="SLICE_YBUSED" rev="2">
<attrib name="total" value="1000000"/><attrib name="used" value="14"/></item>
</group>
</DeviceUsage>
<ReportConfigData TimeStamp="Thu Jun 25 20:09:09 2009"><group name="IOB_OFF1">
<item name="LATCH_OR_FF" rev="2">
<attrib name="FF" value="117"/></item>
<item name="OFF1_INIT_ATTR" rev="2">
<attrib name="INIT0" value="117"/></item>
<item name="OFF1_SR_ATTR" rev="2">
<attrib name="SRLOW" value="23"/></item>
<item name="OFFATTRBOX" rev="2">
<attrib name="ASYNC" value="20"/><attrib name="SYNC" value="3"/></item>
</group>
<group name="BUFGMUX_GCLKMUX">
<item name="DISABLE_ATTR" rev="2">
<attrib name="LOW" value="7"/></item>
</group>
<group name="IOB_IFF1">
<item name="IFF1_INIT_ATTR" rev="2">
<attrib name="INIT0" value="65"/><attrib name="INIT1" value="1"/></item>
<item name="LATCH_OR_FF" rev="2">
<attrib name="FF" value="66"/></item>
</group>
<group name="SLICE_FFX">
<item name="FFX_INIT_ATTR" rev="2">
<attrib name="INIT0" value="2335"/><attrib name="INIT1" value="108"/></item>
<item name="FFX_SR_ATTR" rev="2">
<attrib name="SRLOW" value="2398"/><attrib name="SRHIGH" value="45"/></item>
<item name="LATCH_OR_FF" rev="2">
<attrib name="FF" value="2436"/><attrib name="LATCH" value="7"/></item>
<item name="SYNC_ATTR" rev="2">
<attrib name="ASYNC" value="2258"/><attrib name="SYNC" value="185"/></item>
</group>
<group name="SLICE_FFY">
<item name="FFY_INIT_ATTR" rev="2">
<attrib name="INIT0" value="2015"/><attrib name="INIT1" value="193"/></item>
<item name="FFY_SR_ATTR" rev="2">
<attrib name="SRLOW" value="2115"/><attrib name="SRHIGH" value="93"/></item>
<item name="LATCH_OR_FF" rev="2">
<attrib name="FF" value="2201"/><attrib name="LATCH" value="7"/></item>
<item name="SYNC_ATTR" rev="2">
<attrib name="ASYNC" value="2001"/><attrib name="SYNC" value="207"/></item>
</group>
<group name="RAMB16_RAMB16A">
<item name="PORTA_ATTR" rev="2">
<attrib name="16384X1" value="17"/><attrib name="512X36" value="60"/><attrib name="2048X9" value="3"/><attrib name="1024X18" value="2"/></item>
<item name="WRITEMODEA" rev="2">
<attrib name="WRITE_FIRST" value="82"/></item>
</group>
<group name="RAMB16_RAMB16B">
<item name="PORTB_ATTR" rev="2">
<attrib name="2048X9" value="20"/><attrib name="1024X18" value="2"/></item>
<item name="WRITEMODEB" rev="2">
<attrib name="WRITE_FIRST" value="22"/></item>
</group>
<group name="SLICE_WSGEN">
<item name="SYNC_ATTR" rev="2">
<attrib name="ASYNC" value="77"/></item>
</group>
<group name="SLICE_F">
<item name="F_ATTR" rev="2">
<attrib name="SHIFT_REG" value="101"/></item>
<item name="LUT_OR_MEM" rev="2">
<attrib name="LUT" value="5120"/><attrib name="RAM" value="101"/></item>
</group>
<group name="SLICE_G">
<item name="G_ATTR" rev="2">
<attrib name="SHIFT_REG" value="107"/></item>
<item name="LUT_OR_MEM" rev="2">
<attrib name="LUT" value="5105"/><attrib name="RAM" value="107"/></item>
</group>
<group name="IOB_PAD">
<item name="DRIVEATTRBOX" rev="2">
<attrib name="12" value="274"/></item>
<item name="IOATTRBOX" rev="2">
<attrib name="LVTTL" value="113"/><attrib name="LVCMOS33" value="199"/></item>
<item name="PULL" rev="2">
<attrib name="PULLUP" value="10"/><attrib name="PULLDOWN" value="32"/></item>
<item name="SLEW" rev="2">
<attrib name="SLOW" value="140"/><attrib name="FAST" value="134"/></item>
</group>
<group name="DCM_DCM">
<item name="CLKDV_DIVIDE" rev="2">
<attrib name="2" value="1"/></item>
<item name="CLKOUT_PHASE_SHIFT" rev="2">
<attrib name="NONE" value="1"/></item>
<item name="CLK_FEEDBACK" rev="2">
<attrib name="1X" value="1"/></item>
<item name="DESKEW_ADJUST" rev="2">
<attrib name="11" value="1"/></item>
<item name="DFS_FREQUENCY_MODE" rev="2">
<attrib name="LOW" value="1"/></item>
<item name="DLL_FREQUENCY_MODE" rev="2">
<attrib name="LOW" value="1"/></item>
<item name="DSS_MODE" rev="2">
<attrib name="NONE" value="1"/></item>
<item name="DUTY_CYCLE_CORRECTION" rev="2">
<attrib name="TRUE" value="1"/></item>
<item name="FACTORY_JF1" rev="2">
<attrib name="0XC0" value="1"/></item>
<item name="FACTORY_JF2" rev="2">
<attrib name="0X80" value="1"/></item>
</group>
</ReportConfigData>
<ReportPinData TimeStamp="Thu Jun 25 20:09:09 2009"><group name="SLICE_YBUSED">
<item name="0" rev="2">
<attrib name="value" value="14"/></item>
<item name="OUT" rev="2">
<attrib name="value" value="14"/></item>
</group>
<group name="SLICE_F6MUX">
<item name="0" rev="2">
<attrib name="value" value="1162"/></item>
<item name="1" rev="2">
<attrib name="value" value="1162"/></item>
<item name="OUT" rev="2">
<attrib name="value" value="1162"/></item>
<item name="S0" rev="2">
<attrib name="value" value="1162"/></item>
</group>
<group name="RAMB16">
<item name="ADDRA0" rev="2">
<attrib name="value" value="17"/></item>
<item name="ADDRA1" rev="2">
<attrib name="value" value="17"/></item>
<item name="ADDRA10" rev="2">
<attrib name="value" value="82"/></item>
<item name="ADDRA11" rev="2">
<attrib name="value" value="82"/></item>
<item name="ADDRA12" rev="2">
<attrib name="value" value="82"/></item>
<item name="ADDRA13" rev="2">
<attrib name="value" value="82"/></item>
<item name="ADDRA2" rev="2">
<attrib name="value" value="17"/></item>
<item name="ADDRA3" rev="2">
<attrib name="value" value="20"/></item>
<item name="ADDRA4" rev="2">
<attrib name="value" value="22"/></item>
<item name="ADDRA5" rev="2">
<attrib name="value" value="82"/></item>
<item name="ADDRA6" rev="2">
<attrib name="value" value="82"/></item>
<item name="ADDRA7" rev="2">
<attrib name="value" value="82"/></item>
<item name="ADDRA8" rev="2">
<attrib name="value" value="82"/></item>
<item name="ADDRA9" rev="2">
<attrib name="value" value="82"/></item>
<item name="ADDRB10" rev="2">
<attrib name="value" value="22"/></item>
<item name="ADDRB11" rev="2">
<attrib name="value" value="22"/></item>
<item name="ADDRB12" rev="2">
<attrib name="value" value="22"/></item>
<item name="ADDRB13" rev="2">
<attrib name="value" value="22"/></item>
<item name="ADDRB3" rev="2">
<attrib name="value" value="20"/></item>
<item name="ADDRB4" rev="2">
<attrib name="value" value="22"/></item>
<item name="ADDRB5" rev="2">
<attrib name="value" value="22"/></item>
<item name="ADDRB6" rev="2">
<attrib name="value" value="22"/></item>
<item name="ADDRB7" rev="2">
<attrib name="value" value="22"/></item>
<item name="ADDRB8" rev="2">
<attrib name="value" value="22"/></item>
<item name="ADDRB9" rev="2">
<attrib name="value" value="22"/></item>
<item name="CLKA" rev="2">
<attrib name="value" value="82"/></item>
<item name="CLKB" rev="2">
<attrib name="value" value="22"/></item>
<item name="DIA0" rev="2">
<attrib name="value" value="35"/></item>
<item name="DIA1" rev="2">
<attrib name="value" value="35"/></item>
<item name="DIA10" rev="2">
<attrib name="value" value="32"/></item>
<item name="DIA11" rev="2">
<attrib name="value" value="32"/></item>
<item name="DIA12" rev="2">
<attrib name="value" value="32"/></item>
<item name="DIA13" rev="2">
<attrib name="value" value="32"/></item>
<item name="DIA14" rev="2">
<attrib name="value" value="32"/></item>
<item name="DIA15" rev="2">
<attrib name="value" value="32"/></item>
<item name="DIA16" rev="2">
<attrib name="value" value="30"/></item>
<item name="DIA17" rev="2">
<attrib name="value" value="30"/></item>
<item name="DIA18" rev="2">
<attrib name="value" value="30"/></item>
<item name="DIA19" rev="2">
<attrib name="value" value="30"/></item>
<item name="DIA2" rev="2">
<attrib name="value" value="35"/></item>
<item name="DIA20" rev="2">
<attrib name="value" value="30"/></item>
<item name="DIA21" rev="2">
<attrib name="value" value="30"/></item>
<item name="DIA22" rev="2">
<attrib name="value" value="30"/></item>
<item name="DIA23" rev="2">
<attrib name="value" value="30"/></item>
<item name="DIA24" rev="2">
<attrib name="value" value="30"/></item>
<item name="DIA25" rev="2">
<attrib name="value" value="30"/></item>
<item name="DIA26" rev="2">
<attrib name="value" value="30"/></item>
<item name="DIA27" rev="2">
<attrib name="value" value="30"/></item>
<item name="DIA28" rev="2">
<attrib name="value" value="30"/></item>
<item name="DIA29" rev="2">
<attrib name="value" value="30"/></item>
<item name="DIA3" rev="2">
<attrib name="value" value="35"/></item>
<item name="DIA30" rev="2">
<attrib name="value" value="30"/></item>
<item name="DIA31" rev="2">
<attrib name="value" value="30"/></item>
<item name="DIA4" rev="2">
<attrib name="value" value="35"/></item>
<item name="DIA5" rev="2">
<attrib name="value" value="35"/></item>
<item name="DIA6" rev="2">
<attrib name="value" value="35"/></item>
<item name="DIA7" rev="2">
<attrib name="value" value="35"/></item>
<item name="DIA8" rev="2">
<attrib name="value" value="32"/></item>
<item name="DIA9" rev="2">
<attrib name="value" value="32"/></item>
<item name="DIB0" rev="2">
<attrib name="value" value="17"/></item>
<item name="DIB1" rev="2">
<attrib name="value" value="17"/></item>
<item name="DIB2" rev="2">
<attrib name="value" value="17"/></item>
<item name="DIB3" rev="2">
<attrib name="value" value="17"/></item>
<item name="DIB4" rev="2">
<attrib name="value" value="17"/></item>
<item name="DIB5" rev="2">
<attrib name="value" value="17"/></item>
<item name="DIB6" rev="2">
<attrib name="value" value="17"/></item>
<item name="DIB7" rev="2">
<attrib name="value" value="17"/></item>
<item name="DIPA0" rev="2">
<attrib name="value" value="35"/></item>
<item name="DIPA1" rev="2">
<attrib name="value" value="32"/></item>
<item name="DIPA2" rev="2">
<attrib name="value" value="30"/></item>
<item name="DIPA3" rev="2">
<attrib name="value" value="30"/></item>
<item name="DIPB0" rev="2">
<attrib name="value" value="17"/></item>
<item name="DOA0" rev="2">
<attrib name="value" value="77"/></item>
<item name="DOA1" rev="2">
<attrib name="value" value="60"/></item>
<item name="DOA10" rev="2">
<attrib name="value" value="60"/></item>
<item name="DOA11" rev="2">
<attrib name="value" value="60"/></item>
<item name="DOA12" rev="2">
<attrib name="value" value="60"/></item>
<item name="DOA13" rev="2">
<attrib name="value" value="60"/></item>
<item name="DOA14" rev="2">
<attrib name="value" value="60"/></item>
<item name="DOA15" rev="2">
<attrib name="value" value="60"/></item>
<item name="DOA16" rev="2">
<attrib name="value" value="60"/></item>
<item name="DOA17" rev="2">
<attrib name="value" value="60"/></item>
<item name="DOA18" rev="2">
<attrib name="value" value="60"/></item>
<item name="DOA19" rev="2">
<attrib name="value" value="60"/></item>
<item name="DOA2" rev="2">
<attrib name="value" value="60"/></item>
<item name="DOA20" rev="2">
<attrib name="value" value="60"/></item>
<item name="DOA21" rev="2">
<attrib name="value" value="60"/></item>
<item name="DOA22" rev="2">
<attrib name="value" value="60"/></item>
<item name="DOA23" rev="2">
<attrib name="value" value="60"/></item>
<item name="DOA24" rev="2">
<attrib name="value" value="60"/></item>
<item name="DOA25" rev="2">
<attrib name="value" value="60"/></item>
<item name="DOA26" rev="2">
<attrib name="value" value="60"/></item>
<item name="DOA27" rev="2">
<attrib name="value" value="60"/></item>
<item name="DOA28" rev="2">
<attrib name="value" value="60"/></item>
<item name="DOA29" rev="2">
<attrib name="value" value="60"/></item>
<item name="DOA3" rev="2">
<attrib name="value" value="60"/></item>
<item name="DOA30" rev="2">
<attrib name="value" value="60"/></item>
<item name="DOA31" rev="2">
<attrib name="value" value="60"/></item>
<item name="DOA4" rev="2">
<attrib name="value" value="60"/></item>
<item name="DOA5" rev="2">
<attrib name="value" value="60"/></item>
<item name="DOA6" rev="2">
<attrib name="value" value="60"/></item>
<item name="DOA7" rev="2">
<attrib name="value" value="60"/></item>
<item name="DOA8" rev="2">
<attrib name="value" value="60"/></item>
<item name="DOA9" rev="2">
<attrib name="value" value="60"/></item>
<item name="DOB0" rev="2">
<attrib name="value" value="3"/></item>
<item name="DOB1" rev="2">
<attrib name="value" value="3"/></item>
<item name="DOB10" rev="2">
<attrib name="value" value="2"/></item>
<item name="DOB11" rev="2">
<attrib name="value" value="2"/></item>
<item name="DOB12" rev="2">
<attrib name="value" value="2"/></item>
<item name="DOB13" rev="2">
<attrib name="value" value="2"/></item>
<item name="DOB14" rev="2">
<attrib name="value" value="2"/></item>
<item name="DOB15" rev="2">
<attrib name="value" value="2"/></item>
<item name="DOB2" rev="2">
<attrib name="value" value="3"/></item>
<item name="DOB3" rev="2">
<attrib name="value" value="3"/></item>
<item name="DOB4" rev="2">
<attrib name="value" value="3"/></item>
<item name="DOB5" rev="2">
<attrib name="value" value="3"/></item>
<item name="DOB6" rev="2">
<attrib name="value" value="3"/></item>
<item name="DOB7" rev="2">
<attrib name="value" value="3"/></item>
<item name="DOB8" rev="2">
<attrib name="value" value="2"/></item>
<item name="DOB9" rev="2">
<attrib name="value" value="2"/></item>
<item name="ENA" rev="2">
<attrib name="value" value="82"/></item>
<item name="ENB" rev="2">
<attrib name="value" value="22"/></item>
<item name="SSRA" rev="2">
<attrib name="value" value="82"/></item>
<item name="SSRB" rev="2">
<attrib name="value" value="22"/></item>
<item name="WEA" rev="2">
<attrib name="value" value="82"/></item>
<item name="WEB" rev="2">
<attrib name="value" value="22"/></item>
</group>
<group name="RAMB16_RAMB16">
<item name="ADDRA" rev="2">
<attrib name="value" value="82"/></item>
<item name="ADDRB" rev="2">
<attrib name="value" value="22"/></item>
<item name="DIA" rev="2">
<attrib name="value" value="82"/></item>
<item name="DIB" rev="2">
<attrib name="value" value="22"/></item>
<item name="DOA" rev="2">
<attrib name="value" value="82"/></item>
<item name="DOB" rev="2">
<attrib name="value" value="22"/></item>
</group>
<group name="IOB_OFF1">
<item name="CE" rev="2">
<attrib name="value" value="116"/></item>
<item name="CK" rev="2">
<attrib name="value" value="117"/></item>
<item name="D" rev="2">
<attrib name="value" value="117"/></item>
<item name="Q" rev="2">
<attrib name="value" value="117"/></item>
<item name="REV" rev="2">
<attrib name="value" value="21"/></item>
<item name="SR" rev="2">
<attrib name="value" value="23"/></item>
</group>
<group name="IOB_OUTBUF">
<item name="IN" rev="2">
<attrib name="value" value="274"/></item>
<item name="OUT" rev="2">
<attrib name="value" value="274"/></item>
<item name="TRI" rev="2">
<attrib name="value" value="74"/></item>
</group>
<group name="BUFGMUX_GCLKMUX">
<item name="I0" rev="2">
<attrib name="value" value="7"/></item>
<item name="OUT" rev="2">
<attrib name="value" value="7"/></item>
<item name="S" rev="2">
<attrib name="value" value="7"/></item>
</group>
<group name="BSCAN">
<item name="DRCK1" rev="2">
<attrib name="value" value="1"/></item>
<item name="SEL1" rev="2">
<attrib name="value" value="1"/></item>
<item name="SHIFT" rev="2">
<attrib name="value" value="1"/></item>
<item name="TDI" rev="2">
<attrib name="value" value="1"/></item>
<item name="TDO1" rev="2">
<attrib name="value" value="1"/></item>
<item name="TDO2" rev="2">
<attrib name="value" value="1"/></item>
<item name="UPDATE" rev="2">
<attrib name="value" value="1"/></item>
</group>
<group name="BSCAN_BSCAN_BLACKBOX">
<item name="DRCK1" rev="2">
<attrib name="value" value="1"/></item>
<item name="SEL1" rev="2">
<attrib name="value" value="1"/></item>
<item name="SHIFT" rev="2">
<attrib name="value" value="1"/></item>
<item name="TDI" rev="2">
<attrib name="value" value="1"/></item>
<item name="TDO1" rev="2">
<attrib name="value" value="1"/></item>
<item name="TDO2" rev="2">
<attrib name="value" value="1"/></item>
<item name="UPDATE" rev="2">
<attrib name="value" value="1"/></item>
</group>
<group name="SLICE_FAND">
<item name="0" rev="2">
<attrib name="value" value="2"/></item>
<item name="1" rev="2">
<attrib name="value" value="2"/></item>
<item name="O" rev="2">
<attrib name="value" value="2"/></item>
</group>
<group name="IOB_IFF1">
<item name="CE" rev="2">
<attrib name="value" value="64"/></item>
<item name="CK" rev="2">
<attrib name="value" value="66"/></item>
<item name="D" rev="2">
<attrib name="value" value="66"/></item>
<item name="Q" rev="2">
<attrib name="value" value="66"/></item>
</group>
<group name="IOB_DELAY">
<item name="IN" rev="2">
<attrib name="value" value="66"/></item>
<item name="OUT" rev="2">
<attrib name="value" value="66"/></item>
</group>
<group name="SLICE_GNDF">
<item name="0" rev="2">
<attrib name="value" value="316"/></item>
</group>
<group name="SLICE_FFX">
<item name="CE" rev="2">
<attrib name="value" value="1504"/></item>
<item name="CK" rev="2">
<attrib name="value" value="2443"/></item>
<item name="D" rev="2">
<attrib name="value" value="2443"/></item>
<item name="Q" rev="2">
<attrib name="value" value="2443"/></item>
<item name="REV" rev="2">
<attrib name="value" value="6"/></item>
<item name="SR" rev="2">
<attrib name="value" value="1423"/></item>
</group>
<group name="SLICE_GNDG">
<item name="0" rev="2">
<attrib name="value" value="286"/></item>
</group>
<group name="SLICE_FFY">
<item name="CE" rev="2">
<attrib name="value" value="1355"/></item>
<item name="CK" rev="2">
<attrib name="value" value="2208"/></item>
<item name="D" rev="2">
<attrib name="value" value="2208"/></item>
<item name="Q" rev="2">
<attrib name="value" value="2208"/></item>
<item name="REV" rev="2">
<attrib name="value" value="11"/></item>
<item name="SR" rev="2">
<attrib name="value" value="1233"/></item>
</group>
<group name="SLICE_C2VDD">
<item name="1" rev="2">
<attrib name="value" value="92"/></item>
</group>
<group name="SLICE_F5MUX">
<item name="F" rev="2">
<attrib name="value" value="1964"/></item>
<item name="G" rev="2">
<attrib name="value" value="1965"/></item>
<item name="OUT" rev="2">
<attrib name="value" value="1965"/></item>
<item name="S0" rev="2">
<attrib name="value" value="1965"/></item>
</group>
<group name="IOB_INBUF">
<item name="IN" rev="2">
<attrib name="value" value="110"/></item>
<item name="OUT" rev="2">
<attrib name="value" value="110"/></item>
</group>
<group name="SLICE">
<item name="BX" rev="2">
<attrib name="value" value="2764"/></item>
<item name="BY" rev="2">
<attrib name="value" value="2113"/></item>
<item name="CE" rev="2">
<attrib name="value" value="1843"/></item>
<item name="CIN" rev="2">
<attrib name="value" value="369"/></item>
<item name="CLK" rev="2">
<attrib name="value" value="2987"/></item>
<item name="COUT" rev="2">
<attrib name="value" value="369"/></item>
<item name="DX" rev="2">
<attrib name="value" value="1778"/></item>
<item name="DY" rev="2">
<attrib name="value" value="1366"/></item>
<item name="F1" rev="2">
<attrib name="value" value="5113"/></item>
<item name="F2" rev="2">
<attrib name="value" value="4814"/></item>
<item name="F3" rev="2">
<attrib name="value" value="4518"/></item>
<item name="F4" rev="2">
<attrib name="value" value="2797"/></item>
<item name="F5" rev="2">
<attrib name="value" value="1342"/></item>
<item name="FX" rev="2">
<attrib name="value" value="982"/></item>
<item name="FXINA" rev="2">
<attrib name="value" value="1162"/></item>
<item name="FXINB" rev="2">
<attrib name="value" value="1162"/></item>
<item name="G1" rev="2">
<attrib name="value" value="5177"/></item>
<item name="G2" rev="2">
<attrib name="value" value="4882"/></item>
<item name="G3" rev="2">
<attrib name="value" value="4569"/></item>
<item name="G4" rev="2">
<attrib name="value" value="2632"/></item>
<item name="SHIFTIN" rev="2">
<attrib name="value" value="15"/></item>
<item name="SHIFTOUT" rev="2">
<attrib name="value" value="15"/></item>
<item name="SR" rev="2">
<attrib name="value" value="1763"/></item>
<item name="X" rev="2">
<attrib name="value" value="3710"/></item>
<item name="XB" rev="2">
<attrib name="value" value="32"/></item>
<item name="XQ" rev="2">
<attrib name="value" value="2443"/></item>
<item name="Y" rev="2">
<attrib name="value" value="3286"/></item>
<item name="YB" rev="2">
<attrib name="value" value="14"/></item>
<item name="YQ" rev="2">
<attrib name="value" value="2208"/></item>
</group>
<group name="RAMB16_RAMB16A">
<item name="ADDRA" rev="2">
<attrib name="value" value="82"/></item>
<item name="ADDRA0" rev="2">
<attrib name="value" value="17"/></item>
<item name="ADDRA1" rev="2">
<attrib name="value" value="17"/></item>
<item name="ADDRA10" rev="2">
<attrib name="value" value="82"/></item>
<item name="ADDRA11" rev="2">
<attrib name="value" value="82"/></item>
<item name="ADDRA12" rev="2">
<attrib name="value" value="82"/></item>
<item name="ADDRA13" rev="2">
<attrib name="value" value="82"/></item>
<item name="ADDRA2" rev="2">
<attrib name="value" value="17"/></item>
<item name="ADDRA3" rev="2">
<attrib name="value" value="20"/></item>
<item name="ADDRA4" rev="2">
<attrib name="value" value="22"/></item>
<item name="ADDRA5" rev="2">
<attrib name="value" value="82"/></item>
<item name="ADDRA6" rev="2">
<attrib name="value" value="82"/></item>
<item name="ADDRA7" rev="2">
<attrib name="value" value="82"/></item>
<item name="ADDRA8" rev="2">
<attrib name="value" value="82"/></item>
<item name="ADDRA9" rev="2">
<attrib name="value" value="82"/></item>
<item name="CLKA" rev="2">
<attrib name="value" value="82"/></item>
<item name="DIA" rev="2">
<attrib name="value" value="82"/></item>
<item name="DIA0" rev="2">
<attrib name="value" value="35"/></item>
<item name="DIA1" rev="2">
<attrib name="value" value="35"/></item>
<item name="DIA10" rev="2">
<attrib name="value" value="32"/></item>
<item name="DIA11" rev="2">
<attrib name="value" value="32"/></item>
<item name="DIA12" rev="2">
<attrib name="value" value="32"/></item>
<item name="DIA13" rev="2">
<attrib name="value" value="32"/></item>
<item name="DIA14" rev="2">
<attrib name="value" value="32"/></item>
<item name="DIA15" rev="2">
<attrib name="value" value="32"/></item>
<item name="DIA16" rev="2">
<attrib name="value" value="30"/></item>
<item name="DIA17" rev="2">
<attrib name="value" value="30"/></item>
<item name="DIA18" rev="2">
<attrib name="value" value="30"/></item>
<item name="DIA19" rev="2">
<attrib name="value" value="30"/></item>
<item name="DIA2" rev="2">
<attrib name="value" value="35"/></item>
<item name="DIA20" rev="2">
<attrib name="value" value="30"/></item>
<item name="DIA21" rev="2">
<attrib name="value" value="30"/></item>
<item name="DIA22" rev="2">
<attrib name="value" value="30"/></item>
<item name="DIA23" rev="2">
<attrib name="value" value="30"/></item>
<item name="DIA24" rev="2">
<attrib name="value" value="30"/></item>
<item name="DIA25" rev="2">
<attrib name="value" value="30"/></item>
<item name="DIA26" rev="2">
<attrib name="value" value="30"/></item>
<item name="DIA27" rev="2">
<attrib name="value" value="30"/></item>
<item name="DIA28" rev="2">
<attrib name="value" value="30"/></item>
<item name="DIA29" rev="2">
<attrib name="value" value="30"/></item>
<item name="DIA3" rev="2">
<attrib name="value" value="35"/></item>
<item name="DIA30" rev="2">
<attrib name="value" value="30"/></item>
<item name="DIA31" rev="2">
<attrib name="value" value="30"/></item>
<item name="DIA4" rev="2">
<attrib name="value" value="35"/></item>
<item name="DIA5" rev="2">
<attrib name="value" value="35"/></item>
<item name="DIA6" rev="2">
<attrib name="value" value="35"/></item>
<item name="DIA7" rev="2">
<attrib name="value" value="35"/></item>
<item name="DIA8" rev="2">
<attrib name="value" value="32"/></item>
<item name="DIA9" rev="2">
<attrib name="value" value="32"/></item>
<item name="DIPA0" rev="2">
<attrib name="value" value="35"/></item>
<item name="DIPA1" rev="2">
<attrib name="value" value="32"/></item>
<item name="DIPA2" rev="2">
<attrib name="value" value="30"/></item>
<item name="DIPA3" rev="2">
<attrib name="value" value="30"/></item>
<item name="DOA" rev="2">
<attrib name="value" value="82"/></item>
<item name="DOA0" rev="2">
<attrib name="value" value="77"/></item>
<item name="DOA1" rev="2">
<attrib name="value" value="60"/></item>
<item name="DOA10" rev="2">
<attrib name="value" value="60"/></item>
<item name="DOA11" rev="2">
<attrib name="value" value="60"/></item>
<item name="DOA12" rev="2">
<attrib name="value" value="60"/></item>
<item name="DOA13" rev="2">
<attrib name="value" value="60"/></item>
<item name="DOA14" rev="2">
<attrib name="value" value="60"/></item>
<item name="DOA15" rev="2">
<attrib name="value" value="60"/></item>
<item name="DOA16" rev="2">
<attrib name="value" value="60"/></item>
<item name="DOA17" rev="2">
<attrib name="value" value="60"/></item>
<item name="DOA18" rev="2">
<attrib name="value" value="60"/></item>
<item name="DOA19" rev="2">
<attrib name="value" value="60"/></item>
<item name="DOA2" rev="2">
<attrib name="value" value="60"/></item>
<item name="DOA20" rev="2">
<attrib name="value" value="60"/></item>
<item name="DOA21" rev="2">
<attrib name="value" value="60"/></item>
<item name="DOA22" rev="2">
<attrib name="value" value="60"/></item>
<item name="DOA23" rev="2">
<attrib name="value" value="60"/></item>
<item name="DOA24" rev="2">
<attrib name="value" value="60"/></item>
<item name="DOA25" rev="2">
<attrib name="value" value="60"/></item>
<item name="DOA26" rev="2">
<attrib name="value" value="60"/></item>
<item name="DOA27" rev="2">
<attrib name="value" value="60"/></item>
<item name="DOA28" rev="2">
<attrib name="value" value="60"/></item>
<item name="DOA29" rev="2">
<attrib name="value" value="60"/></item>
<item name="DOA3" rev="2">
<attrib name="value" value="60"/></item>
<item name="DOA30" rev="2">
<attrib name="value" value="60"/></item>
<item name="DOA31" rev="2">
<attrib name="value" value="60"/></item>
<item name="DOA4" rev="2">
<attrib name="value" value="60"/></item>
<item name="DOA5" rev="2">
<attrib name="value" value="60"/></item>
<item name="DOA6" rev="2">
<attrib name="value" value="60"/></item>
<item name="DOA7" rev="2">
<attrib name="value" value="60"/></item>
<item name="DOA8" rev="2">
<attrib name="value" value="60"/></item>
<item name="DOA9" rev="2">
<attrib name="value" value="60"/></item>
<item name="ENA" rev="2">
<attrib name="value" value="82"/></item>
<item name="SSRA" rev="2">
<attrib name="value" value="82"/></item>
<item name="WEA" rev="2">
<attrib name="value" value="82"/></item>
</group>
<group name="RAMB16_RAMB16B">
<item name="ADDRB" rev="2">
<attrib name="value" value="22"/></item>
<item name="ADDRB10" rev="2">
<attrib name="value" value="22"/></item>
<item name="ADDRB11" rev="2">
<attrib name="value" value="22"/></item>
<item name="ADDRB12" rev="2">
<attrib name="value" value="22"/></item>
<item name="ADDRB13" rev="2">
<attrib name="value" value="22"/></item>
<item name="ADDRB3" rev="2">
<attrib name="value" value="20"/></item>
<item name="ADDRB4" rev="2">
<attrib name="value" value="22"/></item>
<item name="ADDRB5" rev="2">
<attrib name="value" value="22"/></item>
<item name="ADDRB6" rev="2">
<attrib name="value" value="22"/></item>
<item name="ADDRB7" rev="2">
<attrib name="value" value="22"/></item>
<item name="ADDRB8" rev="2">
<attrib name="value" value="22"/></item>
<item name="ADDRB9" rev="2">
<attrib name="value" value="22"/></item>
<item name="CLKB" rev="2">
<attrib name="value" value="22"/></item>
<item name="DIB" rev="2">
<attrib name="value" value="22"/></item>
<item name="DIB0" rev="2">
<attrib name="value" value="17"/></item>
<item name="DIB1" rev="2">
<attrib name="value" value="17"/></item>
<item name="DIB2" rev="2">
<attrib name="value" value="17"/></item>
<item name="DIB3" rev="2">
<attrib name="value" value="17"/></item>
<item name="DIB4" rev="2">
<attrib name="value" value="17"/></item>
<item name="DIB5" rev="2">
<attrib name="value" value="17"/></item>
<item name="DIB6" rev="2">
<attrib name="value" value="17"/></item>
<item name="DIB7" rev="2">
<attrib name="value" value="17"/></item>
<item name="DIPB0" rev="2">
<attrib name="value" value="17"/></item>
<item name="DOB" rev="2">
<attrib name="value" value="22"/></item>
<item name="DOB0" rev="2">
<attrib name="value" value="3"/></item>
<item name="DOB1" rev="2">
<attrib name="value" value="3"/></item>
<item name="DOB10" rev="2">
<attrib name="value" value="2"/></item>
<item name="DOB11" rev="2">
<attrib name="value" value="2"/></item>
<item name="DOB12" rev="2">
<attrib name="value" value="2"/></item>
<item name="DOB13" rev="2">
<attrib name="value" value="2"/></item>
<item name="DOB14" rev="2">
<attrib name="value" value="2"/></item>
<item name="DOB15" rev="2">
<attrib name="value" value="2"/></item>
<item name="DOB2" rev="2">
<attrib name="value" value="3"/></item>
<item name="DOB3" rev="2">
<attrib name="value" value="3"/></item>
<item name="DOB4" rev="2">
<attrib name="value" value="3"/></item>
<item name="DOB5" rev="2">
<attrib name="value" value="3"/></item>
<item name="DOB6" rev="2">
<attrib name="value" value="3"/></item>
<item name="DOB7" rev="2">
<attrib name="value" value="3"/></item>
<item name="DOB8" rev="2">
<attrib name="value" value="2"/></item>
<item name="DOB9" rev="2">
<attrib name="value" value="2"/></item>
<item name="ENB" rev="2">
<attrib name="value" value="22"/></item>
<item name="SSRB" rev="2">
<attrib name="value" value="22"/></item>
<item name="WEB" rev="2">
<attrib name="value" value="22"/></item>
</group>
<group name="SLICE_WSGEN">
<item name="CK" rev="2">
<attrib name="value" value="107"/></item>
<item name="WE" rev="2">
<attrib name="value" value="107"/></item>
<item name="WSF" rev="2">
<attrib name="value" value="101"/></item>
<item name="WSG" rev="2">
<attrib name="value" value="107"/></item>
</group>
<group name="SLICE_F">
<item name="A1" rev="2">
<attrib name="value" value="5113"/></item>
<item name="A2" rev="2">
<attrib name="value" value="4814"/></item>
<item name="A3" rev="2">
<attrib name="value" value="4518"/></item>
<item name="A4" rev="2">
<attrib name="value" value="2797"/></item>
<item name="D" rev="2">
<attrib name="value" value="5221"/></item>
<item name="DI" rev="2">
<attrib name="value" value="101"/></item>
<item name="WS" rev="2">
<attrib name="value" value="101"/></item>
</group>
<group name="SLICE_G">
<item name="A1" rev="2">
<attrib name="value" value="5177"/></item>
<item name="A2" rev="2">
<attrib name="value" value="4882"/></item>
<item name="A3" rev="2">
<attrib name="value" value="4569"/></item>
<item name="A4" rev="2">
<attrib name="value" value="2632"/></item>
<item name="D" rev="2">
<attrib name="value" value="5209"/></item>
<item name="DI" rev="2">
<attrib name="value" value="107"/></item>
<item name="WS" rev="2">
<attrib name="value" value="107"/></item>
</group>
<group name="SLICE_FMC15_BLACKBOX">
<item name="MC15" rev="2">
<attrib name="value" value="27"/></item>
<item name="WS2" rev="2">
<attrib name="value" value="27"/></item>
</group>
<group name="SLICE_C1VDD">
<item name="1" rev="2">
<attrib name="value" value="99"/></item>
</group>
<group name="IOB_PAD">
<item name="PAD" rev="2">
<attrib name="value" value="312"/></item>
</group>
<group name="SLICE_VDDG">
<item name="1" rev="2">
<attrib name="value" value="3"/></item>
</group>
<group name="SLICE_GMC15_BLACKBOX">
<item name="MC15" rev="2">
<attrib name="value" value="28"/></item>
<item name="WS2" rev="2">
<attrib name="value" value="28"/></item>
</group>
<group name="IOB">
<item name="I" rev="2">
<attrib name="value" value="109"/></item>
<item name="ICE" rev="2">
<attrib name="value" value="64"/></item>
<item name="ICLK1" rev="2">
<attrib name="value" value="66"/></item>
<item name="IQ1" rev="2">
<attrib name="value" value="66"/></item>
<item name="O1" rev="2">
<attrib name="value" value="274"/></item>
<item name="OCE" rev="2">
<attrib name="value" value="116"/></item>
<item name="OTCLK1" rev="2">
<attrib name="value" value="117"/></item>
<item name="PAD" rev="2">
<attrib name="value" value="312"/></item>
<item name="REV" rev="2">
<attrib name="value" value="21"/></item>
<item name="SR" rev="2">
<attrib name="value" value="23"/></item>
<item name="T1" rev="2">
<attrib name="value" value="74"/></item>
</group>
<group name="DCM_DCM">
<item name="CLK0" rev="2">
<attrib name="value" value="1"/></item>
<item name="CLKDV" rev="2">
<attrib name="value" value="1"/></item>
<item name="CLKFB" rev="2">
<attrib name="value" value="1"/></item>
<item name="CLKIN" rev="2">
<attrib name="value" value="1"/></item>
<item name="DSSEN" rev="2">
<attrib name="value" value="1"/></item>
<item name="PSCLK" rev="2">
<attrib name="value" value="1"/></item>
<item name="PSEN" rev="2">
<attrib name="value" value="1"/></item>
<item name="PSINCDEC" rev="2">
<attrib name="value" value="1"/></item>
<item name="RST" rev="2">
<attrib name="value" value="1"/></item>
</group>
<group name="BUFGMUX">
<item name="I0" rev="2">
<attrib name="value" value="7"/></item>
<item name="O" rev="2">
<attrib name="value" value="7"/></item>
<item name="S" rev="2">
<attrib name="value" value="7"/></item>
</group>
<group name="SLICE_XORF">
<item name="0" rev="2">
<attrib name="value" value="255"/></item>
<item name="1" rev="2">
<attrib name="value" value="255"/></item>
<item name="O" rev="2">
<attrib name="value" value="255"/></item>
</group>
<group name="SLICE_XORG">
<item name="0" rev="2">
<attrib name="value" value="258"/></item>
<item name="1" rev="2">
<attrib name="value" value="258"/></item>
<item name="O" rev="2">
<attrib name="value" value="258"/></item>
</group>
<group name="SLICE_CYMUXF">
<item name="0" rev="2">
<attrib name="value" value="420"/></item>
<item name="1" rev="2">
<attrib name="value" value="420"/></item>
<item name="OUT" rev="2">
<attrib name="value" value="420"/></item>
<item name="S0" rev="2">
<attrib name="value" value="420"/></item>
</group>
<group name="SLICE_CYMUXG">
<item name="0" rev="2">
<attrib name="value" value="379"/></item>
<item name="1" rev="2">
<attrib name="value" value="382"/></item>
<item name="OUT" rev="2">
<attrib name="value" value="382"/></item>
<item name="S0" rev="2">
<attrib name="value" value="382"/></item>
</group>
<group name="SLICE_GAND">
<item name="0" rev="2">
<attrib name="value" value="1"/></item>
<item name="1" rev="2">
<attrib name="value" value="1"/></item>
<item name="O" rev="2">
<attrib name="value" value="1"/></item>
</group>
<group name="DCM">
<item name="CLK0" rev="2">
<attrib name="value" value="1"/></item>
<item name="CLKDV" rev="2">
<attrib name="value" value="1"/></item>
<item name="CLKFB" rev="2">
<attrib name="value" value="1"/></item>
<item name="CLKIN" rev="2">
<attrib name="value" value="1"/></item>
<item name="DSSEN" rev="2">
<attrib name="value" value="1"/></item>
<item name="PSCLK" rev="2">
<attrib name="value" value="1"/></item>
<item name="PSEN" rev="2">
<attrib name="value" value="1"/></item>
<item name="PSINCDEC" rev="2">
<attrib name="value" value="1"/></item>
<item name="RST" rev="2">
<attrib name="value" value="1"/></item>
</group>
<group name="BUFGMUX_GCLK_BUFFER">
<item name="IN" rev="2">
<attrib name="value" value="7"/></item>
<item name="OUT" rev="2">
<attrib name="value" value="7"/></item>
</group>
</ReportPinData>
<CmdHistory>
</CmdHistory>
</DeviceUsageSummary>
